FECHA;positivos;nue_posi;conf_lab;conf_nexo;muj_posi;hom_posi;extranj_posi;costar_posi;investig_posi;adul_posi;am_posi;menor_posi;eda_ignor_posi;edmin_posi;edmax_posi;promedio_posi;descartados;nue_descar;fallecidos;nue_falleci;muj_fall;hom_fall;emin_fall;emax_fall;promedio_fall;adul_fall;am_fall;menor_fall;hospital;nue_hospi;salon;nue_salon;UCI;nue_UCI;emin_UCI;emax_UCI;promedio_UCI;RECUPERADOS;NUE_RECUP;MUJ_RECUP;HOM_RECUP;ADUL_RECUP;AM_RECUP;MENOR_RECUP;EDA_IGNO_RECUP;PROMEDIO_RECUP;EDMIN_RECUP;EDMAX_RECUP;Muestras;MUEST_NEW;DIA_COVID19;afec_posi;afec_recu;afec_fall;activos;nue_acti;muj_acti;hom_acti;adul_acti;am_acti;menor_acti;eda_igno_acti;edmin_acti;edmax_acti;promedio_acti;letalidad;por_recup;por_activ;transpor;HSJD_UCI;HSJD_SALON;CEACO_UCI;CEACO_SALON;HCG_UCI;HCG_SALON;HMEX_UCI;HMEX_SALON;HNN_UCI;HNN_SALON;HEB_UCI;HEB_SALON;HTF_UCI;HTF_SALON;HLA_UCI;HLA_SALON;HNPSI_UCI;HNPSI_SALON;HSRA_UCI;HSRA_SALON;HDGR_UCI;HDGR_SALON;HDSC_UCI;HDSC_SALON;HUP_UCI;HUP_SALON;HMT_UCI;HMT_SALON;HNEI_UCI;HNEI_SALON;HCHI_UCI ;HCHI_SALON;HMUJ_UCI;HMUJ_SALON;HTUR_UCI;HTUR_SALON;HGOL_UCI;HGOL_SALON;HFEP_UCI;HFEP_SALON;HOSA_UCI;HOSA_SALON;HCAR_UCI;HCAR_SALON;INS_UCI;INS_SALON;HGUA_UCI;HGUA_SALON;HCIMA_UCI;HCIMA_SALON;HBIB_UCI;HBIB_SALON;HRAM_UCI;HRAM_SALON;HMSAN_UCI;HMSAN_SALON;HNGG_UCI;HNGG_SALON;HSVP_UCI;HSVP_SALON;HCAT_UCI;HCAT_SALON;CEACOINS_UCI;CEACOINS_SALON;PAUT_UCI;PAUT_SALON;HVITO_UCI;HVITO_SALON
06/03/2020;2;2;;;;;;;;;;;;;;;;;0;0;0;0;;;;;;;;;;;;;;;;0;0;;;;;;;;;;;;0;;;;2;;;;;;;;;;;0,00;0,00;100,00;;;;;;;;;;;;;;;;;;;;;;;;;;;;;;;;;;;;;;;;;;;;;;;;;;;;;;;;;;;;;;;;;;;;;
07/03/2020;7;5;;;;;;;;;;;;;;;;;0;0;0;0;;;;;;;;;;;;;;;;0;0;;;;;;;;;;;;1;;;;7;;;;;;;;;;;0,00;0,00;100,00;;;;;;;;;;;;;;;;;;;;;;;;;;;;;;;;;;;;;;;;;;;;;;;;;;;;;;;;;;;;;;;;;;;;;
08/03/2020;10;3;;;;;;;;;;;;;;;;;0;0;0;0;;;;;;;;;;;;;;;;0;0;;;;;;;;;;;;2;;;;10;;;;;;;;;;;0,00;0,00;100,00;;;;;;;;;;;;;;;;;;;;;;;;;;;;;;;;;;;;;;;;;;;;;;;;;;;;;;;;;;;;;;;;;;;;;
09/03/2020;12;2;;;;;;;;;;;;;;;;;0;0;0;0;;;;;;;;;;;;;;;;0;0;;;;;;;;;;;;3;;;;12;;;;;;;;;;;0,00;0,00;100,00;;;;;;;;;;;;;;;;;;;;;;;;;;;;;;;;;;;;;;;;;;;;;;;;;;;;;;;;;;;;;;;;;;;;;
10/03/2020;13;1;;;7;6;3;10;0;9;2;2;;;;;;;0;0;0;0;;;;;;;;;;;;;;;;0;0;;;;;;;;;;;;4;;;;13;;;;;;;;;;;0,00;0,00;100,00;;;;;;;;;;;;;;;;;;;;;;;;;;;;;;;;;;;;;;;;;;;;;;;;;;;;;;;;;;;;;;;;;;;;;
11/03/2020;22;9;;;14;8;3;19;0;18;2;2;;;;;118;;0;0;0;0;;;;;;;;;;;;;;;;0;0;;;;;;;;;;;;5;;;;22;;;;;;;;;;;0,00;0,00;100,00;;;;;;;;;;;;;;;;;;;;;;;;;;;;;;;;;;;;;;;;;;;;;;;;;;;;;;;;;;;;;;;;;;;;;
12/03/2020;23;1;;;14;9;3;20;0;19;2;2;;;;;206;88;0;0;0;0;;;;;;;;;;;;;;;;0;0;;;;;;;;;;;;6;;;;23;;;;;;;;;;;0,00;0,00;100,00;;;;;;;;;;;;;;;;;;;;;;;;;;;;;;;;;;;;;;;;;;;;;;;;;;;;;;;;;;;;;;;;;;;;;
13/03/2020;26;3;;;14;12;3;23;0;21;3;2;;;;;289;83;0;0;0;0;;;;;;;;;;;;;;;;0;0;;;;;;;;;;;;7;;;;26;;;;;;;;;;;0,00;0,00;100,00;;;;;;;;;;;;;;;;;;;;;;;;;;;;;;;;;;;;;;;;;;;;;;;;;;;;;;;;;;;;;;;;;;;;;
14/03/2020;27;1;;;15;12;4;23;0;22;3;2;;;;;415;126;0;0;0;0;;;;;;;;;;;;;;;;0;0;;;;;;;;;;;;8;;;;27;;;;;;;;;;;0,00;0,00;100,00;;;;;;;;;;;;;;;;;;;;;;;;;;;;;;;;;;;;;;;;;;;;;;;;;;;;;;;;;;;;;;;;;;;;;
15/03/2020;35;8;;;19;16;5;30;0;28;3;4;;;;;450;35;0;0;0;0;;;;;;;;;;;;;;;;0;0;;;;;;;;;;;;9;16;;;35;;;;;;;;;;;0,00;0,00;100,00;;;;;;;;;;;;;;;;;;;;;;;;;;;;;;;;;;;;;;;;;;;;;;;;;;;;;;;;;;;;;;;;;;;;;
16/03/2020;41;6;;;20;21;6;35;0;32;5;4;;;;;615;165;0;0;0;0;;;;;;;;;;;;;;;;0;0;;;;;;;;;;;;10;17;;;41;;;;;;;;;;;0,00;0,00;100,00;;;;;;;;;;;;;;;;;;;;;;;;;;;;;;;;;;;;;;;;;;;;;;;;;;;;;;;;;;;;;;;;;;;;;
17/03/2020;50;9;;;24;26;6;44;0;40;6;4;;;;;720;105;0;0;0;0;;;;;;;;;;;;;;;;0;0;;;;;;;;;;;;11;19;;;50;;;;;;;;;;;0,00;0,00;100,00;;;;;;;;;;;;;;;;;;;;;;;;;;;;;;;;;;;;;;;;;;;;;;;;;;;;;;;;;;;;;;;;;;;;;
18/03/2020;69;19;;;30;39;6;63;0;57;7;5;;;;;855;135;0;0;0;0;;;;;;;;;;;;;;;;0;0;;;;;;;;;;;;12;24;;;69;;;;;;;;;;;0,00;0,00;100,00;;;;;;;;;;;;;;;;;;;;;;;;;;;;;;;;;;;;;;;;;;;;;;;;;;;;;;;;;;;;;;;;;;;;;
19/03/2020;87;18;;;35;52;8;79;0;73;7;7;;;;;951;96;1;1;0;1;;;;;;;;;;;;;;;;0;0;;;;;;;;;;;;13;23;;;86;;;;;;;;;;;1,15;0,00;98,85;;;;;;;;;;;;;;;;;;;;;;;;;;;;;;;;;;;;;;;;;;;;;;;;;;;;;;;;;;;;;;;;;;;;;
20/03/2020;113;26;;;46;67;9;104;0;97;9;7;;;;;1046;95;2;1;0;2;;;;;;;;;;;;;;;;0;0;;;;;;;;;;;;14;26;;;111;;;;;;;;;;;1,77;0,00;98,23;;;;;;;;;;;;;;;;;;;;;;;;;;;;;;;;;;;;;;;;;;;;;;;;;;;;;;;;;;;;;;;;;;;;;
21/03/2020;117;4;;;48;69;10;107;0;100;10;7;;;;;1190;144;2;0;0;2;;;;;;;;;;;;;;;;2;2;;;;;;;;;;;;15;26;;;113;;;;;;;;;;;1,71;1,71;96,58;;;;;;;;;;;;;;;;;;;;;;;;;;;;;;;;;;;;;;;;;;;;;;;;;;;;;;;;;;;;;;;;;;;;;
22/03/2020;134;17;;;55;79;17;117;0;113;14;7;;;;;1400;210;2;0;0;2;;;;;;;;;;;;;;;;2;0;;;;;;;;;;;;16;28;;;130;;;;;;;;;;;1,49;1,49;97,01;;;;;;;;;;;;;;;;;;;;;;;;;;;;;;;;;;;;;;;;;;;;;;;;;;;;;;;;;;;;;;;;;;;;;
23/03/2020;158;24;;;68;90;17;141;0;135;16;7;;;;;1533;133;2;0;0;2;;;;;;;;;;;;;;;;2;0;;;;;;;;;;;;17;30;;;154;;;;;;;;;;;1,27;1,27;97,47;;;;;;;;;;;;;;;;;;;;;;;;;;;;;;;;;;;;;;;;;;;;;;;;;;;;;;;;;;;;;;;;;;;;;
24/03/2020;177;19;;;74;103;18;159;0;154;16;7;;;;;1679;146;2;0;0;2;;;;;;;;;;;;;;;;2;0;;;;;;;;;;;;18;33;;;173;;;;;;;;;;;1,13;1,13;97,74;;;;;;;;;;;;;;;;;;;;;;;;;;;;;;;;;;;;;;;;;;;;;;;;;;;;;;;;;;;;;;;;;;;;;
25/03/2020;201;24;;;84;117;18;183;0;177;17;7;;;;;1684;5;2;0;0;2;;;;;;;;;;;;;;;;2;0;;;;;;;;;;;;19;39;;;197;;;;;;;;;;;1,00;1,00;98,01;;;;;;;;;;;;;;;;;;;;;;;;;;;;;;;;;;;;;;;;;;;;;;;;;;;;;;;;;;;;;;;;;;;;;
26/03/2020;231;30;;;101;130;18;209;4;204;19;8;;;;;2331;647;2;0;0;2;;;;;;;;;;;;;;;;2;0;;;;;;;;;;;;20;43;;;227;;;;;;;;;;;0,87;0,87;98,27;;;;;;;;;;;;;;;;;;;;;;;;;;;;;;;;;;;;;;;;;;;;;;;;;;;;;;;;;;;;;;;;;;;;;
27/03/2020;263;32;;;121;142;20;241;2;233;22;8;;;;;2786;455;2;0;0;2;;;;;;;;;;;;;;;;3;1;;;;;;;;;;;;21;48;;;258;;;;;;;;;;;0,76;1,14;98,10;;;;;;;;;;;;;;;;;;;;;;;;;;;;;;;;;;;;;;;;;;;;;;;;;;;;;;;;;;;;;;;;;;;;;
28/03/2020;295;32;;;138;157;21;272;2;263;22;10;;;;;2912;126;2;0;0;2;;;;;;;;;;;;;;;;3;0;;;;;;;;;;;;22;50;;;290;;;;;;;;;;;0,68;1,02;98,31;;;;;;;;;;;;;;;;;;;;;;;;;;;;;;;;;;;;;;;;;;;;;;;;;;;;;;;;;;;;;;;;;;;;;
29/03/2020;314;19;;;150;164;24;290;0;280;22;12;;;;;3115;203;2;0;0;2;;;;;;;;;;;;;;;;3;0;;;;;;;;;;;;23;51;;;309;;;;;;;;;;;0,64;0,96;98,41;;;;;;;;;;;;;;;;;;;;;;;;;;;;;;;;;;;;;;;;;;;;;;;;;;;;;;;;;;;;;;;;;;;;;
30/03/2020;330;16;;;160;170;27;303;0;293;24;13;;;;;3362;247;2;0;0;2;;;;;;;;;;;;;;;;4;1;;;;;;;;;;;;24;52;;;324;;;;;;;;;;;0,61;1,21;98,18;;;;;;;;;;;;;;;;;;;;;;;;;;;;;;;;;;;;;;;;;;;;;;;;;;;;;;;;;;;;;;;;;;;;;
31/03/2020;347;17;;;167;180;27;320;0;309;24;14;;;;;3498;136;2;0;0;2;;;;;;;15;;7;;8;;;;;4;0;;;;;;;;;;;;25;52;;;341;;;;;;;;;;;0,58;1,15;98,27;;;;;;;;;;;;;;;;;;;;;;;;;;;;;;;;;;;;;;;;;;;;;;;;;;;;;;;;;;;;;;;;;;;;;
01/04/2020;375;28;;;181;194;29;346;0;337;24;14;;;;;3843;345;2;0;0;2;;;;;;;15;0;6;0;9;0;36;69;;4;0;;;;;;;;;;;;26;53;;;369;;;;;;;;;;;0,53;1,07;98,40;;;;;;;;;;;;;;;;;;;;;;;;;;;;;;;;;;;;;;;;;;;;;;;;;;;;;;;;;;;;;;;;;;;;;
02/04/2020;396;21;;;192;204;30;366;0;356;26;14;;;;;3954;111;2;0;0;2;;;;;;;17;2;6;0;11;2;36;69;;6;2;;;;;;;;;;;;27;53;;;388;;;;;;;;;;;0,51;1,52;97,98;;;;;;;;;;;;;;;;;;;;;;;;;;;;;;;;;;;;;;;;;;;;;;;;;;;;;;;;;;;;;;;;;;;;;
03/04/2020;416;20;;;201;215;31;385;0;373;27;16;;;;;4044;90;2;0;0;2;;;;;;;23;6;10;4;13;2;24;69;;11;5;;;;;;;;;;;;28;54;;;403;;;;;;;;;;;0,48;2,64;96,88;;;;;;;;;;;;;;;;;;;;;;;;;;;;;;;;;;;;;;;;;;;;;;;;;;;;;;;;;;;;;;;;;;;;;
04/04/2020;435;19;;;212;223;31;404;0;392;28;15;;;;;4219;175;2;0;0;2;;;;;;;25;2;12;2;13;0;24;85;;13;2;;;;;;;;;;;;29;55;;;420;;;;;;;;;;;0,46;2,99;96,55;;;;;;;;;;;;;;;;;;;;;;;;;;;;;;;;;;;;;;;;;;;;;;;;;;;;;;;;;;;;;;;;;;;;;
05/04/2020;454;19;;;222;232;31;423;0;411;28;15;;;;;4644;425;2;0;0;2;;;;;;;26;1;12;0;14;1;35;85;;16;3;;;;;;;;;;;;30;55;;;436;;;;;;;;;;;0,44;3,52;96,04;;;;;;;;;;;;;;;;;;;;;;;;;;;;;;;;;;;;;;;;;;;;;;;;;;;;;;;;;;;;;;;;;;;;;
06/04/2020;467;13;;;227;240;32;435;0;422;29;16;;;;;4896;252;2;0;0;2;;;;;;;26;0;12;0;14;0;35;85;;18;2;;;;;;;;;;;;31;55;;;447;;;;;;;;;;;0,43;3,85;95,72;;;;;;;;;;;;;;;;;;;;;;;;;;;;;;;;;;;;;;;;;;;;;;;;;;;;;;;;;;;;;;;;;;;;;
07/04/2020;483;16;;;237;246;34;449;0;437;29;17;;;;;5042;146;2;0;0;2;;;;;;;25;1;11;0;14;1;35;85;;24;6;;;;;;;;;;;;32;56;;;457;;;;;;;;;;;0,41;4,97;94,62;;;;;;;;;;;;;;;;;;;;;;;;;;;;;;;;;;;;;;;;;;;;;;;;;;;;;;;;;;;;;;;;;;;;;
08/04/2020;502;19;;;243;259;34;468;0;455;29;18;;;;;5533;491;2;0;0;2;;;;;;;23;0;8;0;15;1;35;85;;29;5;;;;;;;;;;;;33;56;;;471;;;;;;;;;;;0,40;5,78;93,82;;;;;;;;;;;;;;;;;;;;;;;;;;;;;;;;;;;;;;;;;;;;;;;;;;;;;;;;;;;;;;;;;;;;;
09/04/2020;539;37;;;259;280;34;505;0;492;29;18;;;;;5759;226;3;1;0;3;;;;;;;19;1;6;1;13;0;35;85;;30;1;;;;;;;;;;;;34;57;;;506;;;;;;;;;;;0,56;5,57;93,88;;;;;;;;;;;;;;;;;;;;;;;;;;;;;;;;;;;;;;;;;;;;;;;;;;;;;;;;;;;;;;;;;;;;;
10/04/2020;558;19;;;269;289;34;524;0;508;30;20;;;;;5894;135;3;0;0;3;;;;;;;20;1;7;1;13;0;35;85;;42;12;;;;;;;;;;;;35;58;;;513;;;;;;;;;;;0,54;7,53;91,94;;;;;;;;;;;;;;;;;;;;;;;;;;;;;;;;;;;;;;;;;;;;;;;;;;;;;;;;;;;;;;;;;;;;;
11/04/2020;577;19;;;277;300;36;541;0;526;31;20;;;;;6031;137;3;0;0;3;;;;;;;18;1;5;0;13;1;35;85;;49;7;;;;;;;;;;;;36;59;;;525;;;;;;;;;;;0,52;8,49;90,99;;;;;;;;;;;;;;;;;;;;;;;;;;;;;;;;;;;;;;;;;;;;;;;;;;;;;;;;;;;;;;;;;;;;;
12/04/2020;595;18;;;285;310;38;557;0;542;31;22;;;;;6167;136;3;0;0;3;;;;;;;19;1;5;0;14;1;35;85;;56;7;;;;;;;;;;;;37;59;;;536;;;;;;;;;;;0,50;9,41;90,08;;;;;;;;;;;;;;;;;;;;;;;;;;;;;;;;;;;;;;;;;;;;;;;;;;;;;;;;;;;;;;;;;;;;;
13/04/2020;612;17;;;295;317;43;569;0;557;31;24;;;;;6256;89;3;0;0;3;;;;;;;20;1;6;1;14;0;35;85;;62;6;;;;;;;;;;;;38;59;;;547;;;;;;;;;;;0,49;10,13;89,38;;;;;;;;;;;;;;;;;;;;;;;;;;;;;;;;;;;;;;;;;;;;;;;;;;;;;;;;;;;;;;;;;;;;;
14/04/2020;618;6;;;298;320;43;575;0;562;31;25;;;;;6326;70;3;0;0;3;;;;;;;19;0;6;0;13;0;35;85;;66;4;;;;;;;;;;;;39;59;;;549;;;;;;;;;;;0,49;10,68;88,83;;;;;;;;;;;;;;;;;;;;;;;;;;;;;;;;;;;;;;;;;;;;;;;;;;;;;;;;;;;;;;;;;;;;;
15/04/2020;626;8;;;302;324;43;583;0;570;31;25;;;;;6511;185;4;1;0;4;;;;;;;16;1;5;1;11;0;35;75;;67;1;;;;;;;;;;9089;;40;59;;;555;;;;;;;;;;;0,64;10,70;88,66;;;;;;;;;;;;;;;;;;;;;;;;;;;;;;;;;;;;;;;;;;;;;;;;;;;;;;;;;;;;;;;;;;;;;
16/04/2020;642;16;;;308;334;51;591;0;583;31;28;;;;;6709;198;4;0;0;4;;;;;;;16;0;5;0;11;0;35;75;;74;7;;;;;;;;;;9396;307;41;59;;;564;;;;;;;;;;;0,62;11,53;87,85;;;;;;;;;;;;;;;;;;;;;;;;;;;;;;;;;;;;;;;;;;;;;;;;;;;;;;;;;;;;;;;;;;;;;
17/04/2020;649;7;;;312;337;54;595;0;588;31;30;;;;;6874;165;4;0;0;4;;;;;;;15;1;5;1;10;0;44;75;;88;14;;;;;;;;;;9752;356;42;59;;;557;;;;;;;;;;;0,62;13,56;85,82;;;;;;;;;;;;;;;;;;;;;;;;;;;;;;;;;;;;;;;;;;;;;;;;;;;;;;;;;;;;;;;;;;;;;
18/04/2020;655;6;;;314;341;55;600;0;594;31;30;;;;;7095;221;4;0;0;4;;;;;;;16;1;6;1;10;0;44;75;;97;9;46;51;85;6;6;;;;;10138;386;43;59;33;;554;;;;;;;;;;;0,61;14,81;84,58;;;;;;;;;;;;;;;;;;;;;;;;;;;;;;;;;;;;;;;;;;;;;;;;;;;;;;;;;;;;;;;;;;;;;
19/04/2020;660;5;;;317;343;56;604;0;596;32;32;;;;;7142;47;4;0;0;4;;;;;;;15;0;5;0;10;0;44;75;;112;15;54;58;96;8;8;;;;;10417;279;44;59;33;;544;;;;;;;;;;;0,61;16,97;82,42;;;;;;;;;;;;;;;;;;;;;;;;;;;;;;;;;;;;;;;;;;;;;;;;;;;;;;;;;;;;;;;;;;;;;
20/04/2020;662;2;;;317;345;56;606;0;598;32;32;;;;;7236;94;6;2;0;6;;;;;;;13;0;5;0;8;0;44;75;;124;12;58;66;107;9;8;;;;;10879;462;45;59;35;;532;;;;;;;;;;;0,91;18,73;80,36;;;;;;;;;;;;;;;;;;;;;;;;;;;;;;;;;;;;;;;;;;;;;;;;;;;;;;;;;;;;;;;;;;;;;
21/04/2020;669;7;;;320;349;58;611;0;602;33;34;;;;;7495;259;6;0;0;6;45;87;;;;;11;1;5;0;6;1;44;75;;150;26;76;74;135;6;9;;;;;11387;508;46;59;43;4;513;;;;;;;;;;;0,90;22,42;76,68;;;;;;;;;;;;;;;;;;;;;;;;;;;;;;;;;;;;;;;;;;;;;;;;;;;;;;;;;;;;;;;;;;;;;
22/04/2020;681;12;;;326;355;65;616;0;613;34;34;;;;;7784;289;6;0;0;6;45;87;;;;;11;0;3;0;8;0;44;76;;180;30;92;88;155;13;12;;;;;11776;389;47;59;43;4;495;;;;;;;;;;;0,88;26,43;72,69;;;;;;;;;;;;;;;;;;;;;;;;;;;;;;;;;;;;;;;;;;;;;;;;;;;;;;;;;;;;;;;;;;;;;
23/04/2020;686;5;;;328;358;67;619;0;617;35;34;;;;;8032;248;6;0;0;6;45;87;;;;;13;2;5;2;8;0;44;76;;196;16;97;99;171;13;12;;;;;12073;297;48;59;44;4;484;;;;;;;;;;;0,87;28,57;70,55;;;;;;;;;;;;;;;;;;;;;;;;;;;;;;;;;;;;;;;;;;;;;;;;;;;;;;;;;;;;;;;;;;;;;
24/04/2020;687;1;;;328;359;67;620;0;618;35;34;;;;;8133;101;6;0;0;6;45;87;;;;;12;2;5;0;7;2;44;76;;216;20;103;113;190;13;13;;;;;12342;269;49;59;47;4;465;;;;;;;;;;;0,87;31,44;67,69;;;;;;;;;;;;;;;;;;;;;;;;;;;;;;;;;;;;;;;;;;;;;;;;;;;;;;;;;;;;;;;;;;;;;
25/04/2020;693;6;;;333;360;67;626;0;624;35;34;;;;;8214;81;6;0;0;6;45;87;;;;;13;1;6;1;7;0;44;76;;242;26;114;128;216;13;13;;;;;12467;125;50;59;48;4;445;;;;;;;;;;;0,87;34,92;64,21;;;;;;;;;;;;;;;;;;;;;;;;;;;;;;;;;;;;;;;;;;;;;;;;;;;;;;;;;;;;;;;;;;;;;
26/04/2020;695;2;;;334;361;67;628;0;625;36;34;;;;;8249;35;6;0;0;6;45;87;;;;;16;3;8;2;8;1;49;76;;264;22;126;136;237;14;13;;;;;12581;114;51;59;49;4;425;;;;;;;;;;;0,86;37,99;61,15;;;;;;;;;;;;;;;;;;;;;;;;;;;;;;;;;;;;;;;;;;;;;;;;;;;;;;;;;;;;;;;;;;;;;
27/04/2020;697;2;;;334;363;69;628;0;626;36;35;;;;;8305;56;6;0;0;6;45;87;;;;;16;0;8;0;8;0;49;76;;287;23;141;146;260;14;13;;;;;12670;89;52;59;50;4;404;;;;;;;;;;;0,86;41,18;57,96;;;;;;;;;;;;;;;;;;;;;;;;;;;;;;;;;;;;;;;;;;;;;;;;;;;;;;;;;;;;;;;;;;;;;
28/04/2020;705;8;;;336;369;69;636;0;632;38;35;;;;;8356;51;6;0;0;6;45;87;;;;;16;0;8;0;8;0;49;76;;306;19;146;160;278;15;13;;;;;12729;59;53;60;51;4;393;;;;;;;;;;;0,85;43,40;55,74;;;;;;;;;;;;;;;;;;;;;;;;;;;;;;;;;;;;;;;;;;;;;;;;;;;;;;;;;;;;;;;;;;;;;
29/04/2020;713;8;;;340;373;71;642;0;638;38;37;;;;;8585;229;6;0;0;6;45;87;;;;;16;0;8;0;8;0;44;75;;323;17;156;167;292;17;14;;;;;13117;388;54;60;52;4;384;;;;;;;;;;;0,84;45,30;53,86;;;;;;;;;;;;;;;;;;;;;;;;;;;;;;;;;;;;;;;;;;;;;;;;;;;;;;;;;;;;;;;;;;;;;
30/04/2020;719;6;;;341;378;72;647;0;643;38;38;;;;;8688;103;6;0;0;6;45;87;;;;;16;0;7;0;9;0;57;75;;338;15;165;173;306;18;14;;;;;13240;123;55;61;52;4;375;;;;;;;;;;;0,83;47,01;52,16;;;;;;;;;;;;;;;;;;;;;;;;;;;;;;;;;;;;;;;;;;;;;;;;;;;;;;;;;;;;;;;;;;;;;
01/05/2020;725;6;;;346;379;74;651;0;649;38;38;;;;;8849;161;6;0;0;6;45;87;;;;;16;0;9;2;7;0;57;75;;355;17;174;181;320;20;15;;;;;13529;289;56;62;52;4;364;;;;;;;;;;;0,83;48,97;50,21;;;;;;;;;;;;;;;;;;;;;;;;;;;;;;;;;;;;;;;;;;;;;;;;;;;;;;;;;;;;;;;;;;;;;
02/05/2020;733;8;;;351;382;76;657;0;655;38;40;;;;;8932;83;6;0;0;6;45;87;;;;;16;0;10;1;6;0;57;75;;372;17;182;190;337;20;15;;;;;13632;103;57;62;52;4;355;;;;;;;;;;;0,82;50,75;48,43;;;;;;;;;;;;;;;;;;;;;;;;;;;;;;;;;;;;;;;;;;;;;;;;;;;;;;;;;;;;;;;;;;;;;
03/05/2020;739;6;;;352;387;79;660;0;661;38;40;;;;;9046;114;6;0;0;6;45;87;;;;;16;0;10;0;6;0;57;75;;386;14;186;200;346;22;18;;;;;13851;219;58;62;53;4;347;;;;;;;;;;;0,81;52,23;46,96;;;;;;;;;;;;;;;;;;;;;;;;;;;;;;;;;;;;;;;;;;;;;;;;;;;;;;;;;;;;;;;;;;;;;
04/05/2020;742;3;;;352;390;79;663;0;664;38;40;;;;;9149;103;6;0;0;6;45;87;;;;;17;1;12;1;5;0;57;75;;399;13;192;207;359;22;18;;;;;13988;137;59;63;54;4;337;;;;;;;;;;;0,81;53,77;45,42;;;;;;;;;;;;;;;;;;;;;;;;;;;;;;;;;;;;;;;;;;;;;;;;;;;;;;;;;;;;;;;;;;;;;
05/05/2020;755;13;;;352;403;91;664;0;677;38;40;;;;;9209;60;6;0;0;6;45;87;;;;;17;0;12;0;5;0;57;75;;413;14;202;211;370;22;21;;;;;14121;133;60;63;56;4;336;;;;;;;;;;;0,79;54,70;44,50;;;;;;;;;;;;;;;;;;;;;;;;;;;;;;;;;;;;;;;;;;;;;;;;;;;;;;;;;;;;;;;;;;;;;
06/05/2020;761;6;;;356;405;91;670;0;682;38;41;;;;;9412;203;6;0;0;6;45;87;;;;;18;1;13;1;5;0;57;75;;428;15;207;221;385;22;21;;;;;14448;327;61;63;57;4;327;;;;;;;;;;;0,79;56,24;42,97;;;;;;;;;;;;;;;;;;;;;;;;;;;;;;;;;;;;;;;;;;;;;;;;;;;;;;;;;;;;;;;;;;;;;
07/05/2020;765;4;;;358;407;92;673;0;686;38;41;;;;;9682;270;6;0;0;6;45;87;;;;;19;1;13;0;6;1;53;75;;445;17;217;228;401;22;22;;;;;15140;692;62;64;57;4;314;;;;;;;;;;;0,78;58,17;41,05;;;;;;;;;;;;;;;;;;;;;;;;;;;;;;;;;;;;;;;;;;;;;;;;;;;;;;;;;;;;;;;;;;;;;
08/05/2020;773;8;;;364;409;94;679;0;693;39;41;;;;;10126;444;6;0;0;6;45;87;;;;;21;2;15;2;6;0;53;75;;461;16;227;234;417;22;22;;;;;15810;670;63;65;57;4;306;;;;;;;;;;;0,78;59,64;39,59;;;;;;;;;;;;;;;;;;;;;;;;;;;;;;;;;;;;;;;;;;;;;;;;;;;;;;;;;;;;;;;;;;;;;
09/05/2020;780;7;;;367;413;98;682;0;699;40;41;;;;;10568;442;6;0;0;6;45;87;;;;;22;1;16;1;6;0;53;75;;480;19;235;245;435;23;22;;;;;16517;707;64;66;57;4;294;;;;;;;;;;;0,77;61,54;37,69;;;;;;;;;;;;;;;;;;;;;;;;;;;;;;;;;;;;;;;;;;;;;;;;;;;;;;;;;;;;;;;;;;;;;
10/05/2020;792;12;;;369;423;106;686;0;709;41;42;;;;;11148;580;6;0;0;6;45;87;;;;;21;1;15;1;6;0;53;75;;501;21;243;258;451;26;24;;;;;17170;653;65;68;58;4;285;;;;;;;;;;;0,76;63,26;35,98;;;;;;;;;;;;;;;;;;;;;;;;;;;;;;;;;;;;;;;;;;;;;;;;;;;;;;;;;;;;;;;;;;;;;
11/05/2020;801;9;;;373;428;113;688;0;718;41;42;;;;;11259;111;7;1;0;7;45;87;;;;;21;0;15;0;6;0;53;75;;517;16;251;266;464;27;26;;;;;17299;129;66;67;59;5;277;;;;;;;;;;;0,87;64,54;34,58;;;;;;;;;;;;;;;;;;;;;;;;;;;;;;;;;;;;;;;;;;;;;;;;;;;;;;;;;;;;;;;;;;;;;
12/05/2020;804;3;;;374;430;113;691;0;720;41;43;;;;;11329;70;7;0;0;7;45;87;;;;;21;0;15;0;6;0;53;75;;520;3;252;268;467;27;26;;;;;17470;171;67;67;59;5;277;;;;;;;;;;;0,87;64,68;34,45;;;;;;;;;;;;;;;;;;;;;;;;;;;;;;;;;;;;;;;;;;;;;;;;;;;;;;;;;;;;;;;;;;;;;
13/05/2020;815;11;;;377;438;120;695;0;730;41;44;;;;;11764;435;7;0;0;7;45;87;;;;;20;0;14;0;6;0;53;75;;527;7;256;271;473;27;27;;;;;18040;570;68;67;59;5;281;;;;;;;;;;;0,86;64,66;34,48;;;;;;;;;;;;;;;;;;;;;;;;;;;;;;;;;;;;;;;;;;;;;;;;;;;;;;;;;;;;;;;;;;;;;
14/05/2020;830;15;;;380;450;128;702;0;744;41;45;;;;;12064;300;8;1;0;8;45;87;;;;;17;2;13;1;4;1;53;75;;535;8;260;275;481;27;27;;;;;18388;348;69;68;59;6;287;;;;;;;;;;;0,96;64,46;34,58;;;;;;;;;;;;;;;;;;;;;;;;;;;;;;;;;;;;;;;;;;;;;;;;;;;;;;;;;;;;;;;;;;;;;
15/05/2020;843;13;;;384;459;131;712;0;751;43;49;;;;;12260;196;8;0;0;8;45;87;;;;;18;1;13;0;5;1;53;75;;542;7;263;279;488;27;27;;;;;18655;267;70;68;59;6;293;;;;;;;;;;;0,95;64,29;34,76;;;;;;;;;;;;;;;;;;;;;;;;;;;;;;;;;;;;;;;;;;;;;;;;;;;;;;;;;;;;;;;;;;;;;
16/05/2020;853;10;;;387;466;136;717;0;758;43;52;;;;;12915;655;10;2;1;9;45;87;;7;3;0;17;0;13;0;4;0;53;75;;551;9;269;282;495;29;27;;;;;19401;746;71;68;59;7;292;;;;;;;;;;;1,17;64,60;34,23;;;;;;;;;;;;;;;;;;;;;;;;;;;;;;;;;;;;;;;;;;;;;;;;;;;;;;;;;;;;;;;;;;;;;
17/05/2020;863;10;;;393;470;138;725;0;768;43;52;;;;;13481;566;10;0;1;9;45;87;;7;3;0;17;0;14;1;3;0;64;76;;565;14;274;291;509;29;27;;;;;20115;714;72;68;59;7;288;;;;;;;;;;;1,16;65,47;33,37;;;;;;;;;;;;;;;;;;;;;;;;;;;;;;;;;;;;;;;;;;;;;;;;;;;;;;;;;;;;;;;;;;;;;
18/05/2020;866;3;;;395;471;140;726;0;771;43;52;;;;;13684;203;10;0;1;9;45;87;;7;3;0;17;0;14;0;3;0;64;76;;575;10;280;295;518;30;27;;;;;20352;237;73;68;59;7;281;;;;;;;;;;;1,15;66,40;32,45;;;;;;;;;;;;;;;;;;;;;;;;;;;;;;;;;;;;;;;;;;;;;;;;;;;;;;;;;;;;;;;;;;;;;
19/05/2020;882;16;;;405;477;147;735;0;782;45;55;;;;;13806;122;10;0;1;9;45;87;;7;3;0;18;2;13;2;5;0;55;76;;577;2;281;296;519;30;28;;;;;20741;389;74;68;59;7;295;;;;;;;;;;;1,13;65,42;33,45;;;;;;;;;;;;;;;;;;;;;;;;;;;;;;;;;;;;;;;;;;;;;;;;;;;;;;;;;;;;;;;;;;;;;
20/05/2020;897;15;;;414;483;155;742;0;797;45;55;;;;;14225;419;10;0;1;9;45;87;;7;3;0;13;2;8;1;5;1;55;76;;582;5;282;300;524;30;28;;;;;21299;558;75;68;59;7;305;;;;;;;;;;;1,11;64,88;34,00;;;;;;;;;;;;;;;;;;;;;;;;;;;;;;;;;;;;;;;;;;;;;;;;;;;;;;;;;;;;;;;;;;;;;
21/05/2020;903;6;;;417;486;158;745;0;802;46;55;;;;;14387;162;10;0;1;9;45;87;;7;3;0;12;1;9;1;3;0;55;76;;592;10;286;306;533;30;29;;;;;21929;630;76;68;61;7;301;;;;;;;;;;;1,11;65,56;33,33;;;;;;;;;;;;;;;;;;;;;;;;;;;;;;;;;;;;;;;;;;;;;;;;;;;;;;;;;;;;;;;;;;;;;
22/05/2020;911;8;;;421;490;160;751;0;807;48;56;;;;;14865;478;10;0;1;9;45;87;;7;3;0;14;2;10;1;4;1;37;66;;600;8;292;308;541;30;29;;;;;22554;625;77;70;61;7;301;;;;;;;;;;;1,10;65,86;33,04;;;;;;;;;;;;;;;;;;;;;;;;;;;;;;;;;;;;;;;;;;;;;;;;;;;;;;;;;;;;;;;;;;;;;
23/05/2020;918;7;;;425;493;161;757;0;811;49;58;;;;;15093;228;10;0;1;9;45;87;;7;3;0;15;1;11;1;4;0;27;66;;607;7;294;313;548;30;29;;;;;22910;356;78;70;61;7;301;;;;;;;;;;;1,09;66,12;32,79;;;;;;;;;;;;;;;;;;;;;;;;;;;;;;;;;;;;;;;;;;;;;;;;;;;;;;;;;;;;;;;;;;;;;
24/05/2020;930;12;;;432;498;164;766;0;816;50;64;;;;;15491;398;10;0;1;9;45;87;;7;3;0;15;0;12;1;3;0;29;64;;620;13;301;319;561;30;29;;;;;23378;468;79;70;61;7;300;;;;;;;;;;;1,08;66,67;32,26;;;;;;;;;;;;;;;;;;;;;;;;;;;;;;;;;;;;;;;;;;;;;;;;;;;;;;;;;;;;;;;;;;;;;
25/05/2020;951;21;;;444;507;173;778;0;833;51;67;;;;;15627;136;10;0;1;9;45;87;;7;3;0;15;0;13;1;2;0;55;64;;628;8;306;322;567;30;31;;;;;23580;202;80;70;61;7;313;;;;;;;;;;;1,05;66,04;32,91;;;;;;;;;;;;;;;;;;;;;;;;;;;;;;;;;;;;;;;;;;;;;;;;;;;;;;;;;;;;;;;;;;;;;
26/05/2020;956;5;;;446;510;173;783;0;838;51;67;;;;;15747;120;10;0;1;9;45;87;;7;3;0;13;2;11;2;2;0;55;64;;634;6;309;325;572;31;31;;;;;23703;123;81;71;61;7;312;;;;;;;;;;;1,05;66,32;32,64;;;;;;;;;;;;;;;;;;;;;;;;;;;;;;;;;;;;;;;;;;;;;;;;;;;;;;;;;;;;;;;;;;;;;
27/05/2020;984;28;;;459;525;180;804;0;854;52;78;;0,3;87;;16368;621;10;0;1;9;45;87;;7;3;0;12;1;10;1;2;0;55;64;;639;5;311;328;577;31;31;;;;;24438;735;82;71;61;7;335;;;;;;;;;;;1,02;64,94;34,04;46;;;;;;;;;;;;;;;;;;;;;;;;;;;;;;;;;;;;;;;;;;;;;;;;;;;;;;;;;;;;;;;;;;;;
28/05/2020;1000;16;;;470;530;183;817;0;867;53;80;;0,3;87;;16726;358;10;0;1;9;45;87;;7;3;0;12;0;10;0;2;0;55;64;;646;7;312;334;583;31;32;;;0,1;86;24897;459;83;72;61;7;344;;;;;;;;;;;1,00;64,60;34,40;46;;;;;;;;;;;;;;;;;;;;;;;;;;;;;;;;;;;;;;;;;;;;;;;;;;;;;;;;;;;;;;;;;;;;
29/05/2020;1022;22;;;480;542;192;830;0;883;55;84;;0,3;89;;17244;518;10;0;1;9;45;87;;7;3;0;13;1;11;1;2;0;55;64;;653;7;313;340;589;31;33;;;0,1;86;25503;606;84;72;63;7;359;;;;;;;;;;;0,98;63,89;35,13;46;;;;;;;;;;;;;;;;;;;;;;;;;;;;;;;;;;;;;;;;;;;;;;;;;;;;;;;;;;;;;;;;;;;;
30/05/2020;1047;25;;;491;556;206;841;0;905;55;87;;0,3;89;;17686;442;10;0;1;9;45;87;;7;3;0;15;3;11;1;4;2;55;72;;658;5;315;343;592;32;34;;;1;86;26073;570;85;72;63;7;379;;;;;;;;;;;0,96;62,85;36,20;46;;;;;;;;;;;;;;;;;;;;;;;;;;;;;;;;;;;;;;;;;;;;;;;;;;;;;;;;;;;;;;;;;;;;
31/05/2020;1056;9;;;495;561;209;847;0;911;56;89;;0,3;89;;18198;512;10;0;1;9;45;87;;7;3;0;16;2;12;2;4;0;55;72;;669;11;322;347;603;32;34;;;1;86;26622;549;86;72;63;7;377;;;;;;;;;;;0,95;63,35;35,70;46;;;;;;;;;;;;;;;;;;;;;;;;;;;;;;;;;;;;;;;;;;;;;;;;;;;;;;;;;;;;;;;;;;;;
01/06/2020;1084;28;;;510;574;212;872;0;933;58;93;;0;89;;18431;233;10;0;1;9;45;87;;7;3;0;18;3;13;2;5;1;0;72;;676;7;325;351;610;32;34;;;1;86;26974;352;87;72;64;7;398;;;;;;;;;;;0,92;62,36;36,72;;;;;;;;;;;;;;;;;;;;;;;;;;;;;;;;;;;;;;;;;;;;;;;;;;;;;;;;;;;;;;;;;;;;;
02/06/2020;1105;21;;;521;584;217;888;0;951;59;95;;0;89;;18674;243;10;0;1;9;45;87;;7;3;0;19;1;14;1;5;0;0;72;;682;6;328;354;615;32;35;;;1;86;27318;344;88;73;64;7;413;;;;;;;;;;;0,90;61,72;37,38;;;;;;;;;;;;;;;;;;;;;;;;;;;;;;;;;;;;;;;;;;;;;;;;;;;;;;;;;;;;;;;;;;;;;
03/06/2020;1157;52;;;542;615;244;913;0;989;60;108;;0;89;;19037;363;10;0;1;9;45;87;;7;3;0;21;2;16;2;5;0;0;72;;685;3;329;356;617;32;36;;;1;86;27882;564;89;74;65;7;462;;;;;;;;;;;0,86;59,20;39,93;;;;;;;;;;;;;;;;;;;;;;;;;;;;;;;;;;;;;;;;;;;;;;;;;;;;;;;;;;;;;;;;;;;;;
04/06/2020;1194;37;;;561;633;254;940;0;1017;60;117;;0;89;;19376;339;10;0;1;9;45;87;;7;3;0;24;5;19;5;5;0;0;72;;687;2;330;357;619;32;36;;;1;86;28296;414;90;74;65;7;497;;;;;;;;;;;0,84;57,54;41,62;;;;;;;;;;;;;;;;;;;;;;;;;;;;;;;;;;;;;;;;;;;;;;;;;;;;;;;;;;;;;;;;;;;;;
05/06/2020;1228;34;;;576;652;260;968;0;1039;62;127;;0;89;;19785;409;10;0;1;9;45;87;;7;3;0;22;0;18;0;4;0;55;72;;695;8;333;362;626;32;37;;;0;86;28753;457;91;74;65;7;523;;;;;;;;;;;0,81;56,60;42,59;;;;;;;;;;;;;;;;;;;;;;;;;;;;;;;;;;;;;;;;;;;;;;;;;;;;;;;;;;;;;;;;;;;;;
06/06/2020;1263;35;;;592;671;272;991;0;1072;62;129;;0;89;;20084;299;10;0;1;9;45;87;;7;3;0;19;2;16;0;3;0;57;72;;701;6;337;364;632;32;37;;;0;86;29140;387;92;74;66;7;552;;;;;;;;;;;0,79;55,50;43,71;;;;;;;;;;;;;;;;;;;;;;;;;;;;;;;;;;;;;;;;;;;;;;;;;;;;;;;;;;;;;;;;;;;;;
07/06/2020;1318;55;;;613;705;297;1021;0;1120;64;134;;0;89;;20297;213;10;0;1;9;45;87;;7;3;0;20;1;16;0;4;1;57;72;;704;3;340;364;635;32;37;;;0;86;29449;309;93;74;66;7;604;;;;;;;;;;;0,76;53,41;45,83;;;;;;;;;;;;;;;;;;;;;;;;;;;;;;;;;;;;;;;;;;;;;;;;;;;;;;;;;;;;;;;;;;;;;
08/06/2020;1342;24;;;628;714;301;1041;0;1137;66;139;;0;89;;20434;137;10;0;1;9;45;87;;7;3;0;19;1;14;2;5;1;57;72;;712;8;343;369;641;33;38;;;0;86;29622;173;94;74;66;7;620;;;;;;;;;;;0,75;53,06;46,20;;;;;;;;;;;;;;;;;;;;;;;;;;;;;;;;;;;;;;;;;;;;;;;;;;;;;;;;;;;;;;;;;;;;;
09/06/2020;1375;33;;;643;732;309;1066;0;1159;67;149;;0;89;;20630;196;11;1;2;9;26;87;;7;4;0;21;2;17;2;4;0;59;72;;717;5;344;373;644;34;39;;;0;86;29877;255;95;74;66;8;647;;;;;;;;;;;0,80;52,15;47,05;;;;;;;;;;;;;;;;;;;;;;;;;;;;;;;;;;;;;;;;;;;;;;;;;;;;;;;;;;;;;;;;;;;;;
10/06/2020;1461;86;;;678;783;349;1112;0;1228;69;164;;0;89;;20971;341;12;1;3;9;26;87;;7;5;0;20;2;17;2;3;0;59;72;;722;5;345;377;648;35;39;;;0;86;30372;495;96;74;66;9;727;;;;;;;;;;;0,82;49,42;49,76;;;;;;;;;;;;;;;;;;;;;;;;;;;;;;;;;;;;;;;;;;;;;;;;;;;;;;;;;;;;;;;;;;;;;
11/06/2020;1538;77;;;710;828;388;1150;0;1287;72;179;;0;92;;21275;304;12;0;3;9;26;87;;7;5;0;20;3;17;3;3;0;59;72;;722;0;345;377;648;35;39;;;0;86;30779;407;97;74;66;9;804;;;;;;;;;;;0,78;46,94;52,28;;;;;;;;;;;;;;;;;;;;;;;;;;;;;;;;;;;;;;;;;;;;;;;;;;;;;;;;;;;;;;;;;;;;;
12/06/2020;1612;74;;;744;868;410;1202;0;1340;89;183;;0;92;;21684;409;12;0;3;9;26;87;;7;5;0;20;1;17;1;3;0;59;72;;731;9;350;381;657;35;39;;;0;86;31308;529;98;74;66;9;869;;;;;;;;;;;0,74;45,35;53,91;;;;;;;;;;;;;;;;;;;;;;;;;;;;;;;;;;;;;;;;;;;;;;;;;;;;;;;;;;;;;;;;;;;;;
13/06/2020;1662;50;;;762;900;415;1247;0;1374;90;198;;0;92;;22144;460;12;0;3;9;26;87;;7;5;0;19;1;16;1;3;0;59;72;;743;12;356;387;667;36;40;;;0;86;31838;530;99;74;66;9;907;;;;;;;;;;;0,72;44,71;54,57;;;;;;;;;;;;;;;;;;;;;;;;;;;;;;;;;;;;;;;;;;;;;;;;;;;;;;;;;;;;;;;;;;;;;
14/06/2020;1715;53;;;787;928;437;1278;0;1407;90;218;;0;92;;22399;255;12;0;3;9;26;87;;7;5;0;17;0;14;0;3;0;59;72;;752;9;361;391;675;36;41;;;0;86;32262;424;100;76;66;9;951;;;;;;;;;;;0,70;43,85;55,45;;;;;;;;;;;;;;;;;;;;;;;;;;;;;;;;;;;;;;;;;;;;;;;;;;;;;;;;;;;;;;;;;;;;;
15/06/2020;1744;29;;;800;944;447;1297;0;1428;91;225;;0;92;;22607;208;12;0;3;9;26;87;;7;5;0;19;2;15;1;4;1;43;72;;771;19;367;404;687;36;48;;;0;86;32510;248;101;76;67;9;961;;;;;;;;;;;0,69;44,21;55,10;;;;;;;;;;;;;;;;;;;;;;;;;;;;;;;;;;;;;;;;;;;;;;;;;;;;;;;;;;;;;;;;;;;;;
16/06/2020;1796;52;;;818;978;459;1337;0;1460;91;245;;0;92;;22833;226;12;0;3;9;26;87;;7;5;0;20;3;18;2;2;1;43;59;;794;23;387;407;698;40;56;;;0;92;32801;291;102;77;68;9;990;;;;;;;;;;;0,67;44,21;55,12;;;;;;;;;;;;;;;;;;;;;;;;;;;;;;;;;;;;;;;;;;;;;;;;;;;;;;;;;;;;;;;;;;;;;
17/06/2020;1871;75;;;838;1033;486;1385;0;1523;93;255;;0;92;;23209;376;12;0;3;9;26;87;;7;5;0;22;2;19;3;3;1;27;59;;899;105;432;467;788;43;68;;;0;92;33282;481;103;78;71;9;960;;;;;;;;;;;0,64;48,05;51,31;;;;;;;;;;;;;;;;;;;;;;;;;;;;;;;;;;;;;;;;;;;;;;;;;;;;;;;;;;;;;;;;;;;;;
18/06/2020;1939;68;;;864;1075;504;1435;0;1578;97;264;;0;92;;23588;379;12;0;3;9;26;87;;7;5;0;25;3;22;3;3;0;27;59;;937;38;457;480;814;45;78;;;0;92;33780;498;104;78;72;9;990;;399;591;766;38;186;;0;;92;0,62;48,32;51,06;;;;;;;;;;;;;;;;;;;;;;;;;;;;;;;;;;;;;;;;;;;;;;;;;;;;;;;;;;;;;;;;;;;;;
19/06/2020;2058;119;;;915;1143;521;1489;48;1678;97;283;;0;94;39,1;24098;510;12;0;3;9;26;87;65,2;7;5;0;29;5;24;3;5;2;27;61;55,5;982;45;471;511;847;47;88;;39,9;0;92;34477;697;105;77;73;9;1064;;441;623;826;43;195;;0;37,6;94;0,58;47,72;51,70;;1;3;0;20;2;1;2;0;;;;;;;;;;;;;;;;;;;;;;;;;;;;;;;;;;;;;;;;;;;;;;;;;;;;;;;;;;;;
20/06/2020;2127;69;;;944;1183;574;1553;0;1734;100;293;;0;94;34,6;24486;388;12;0;3;9;26;87;65,2;5;7;0;27;1;22;1;5;0;27;61;56,5;1014;32;483;531;876;48;90;;40,8;0;92;34931;456;106;77;74;9;1101;;456;645;852;45;204;;0;39,2;94;0,56;47,67;51,76;;1;3;0;18;2;1;2;0;;;;;;;;;;;;;;;;;;;;;;;;;;;;;;;;;;;;;;;;;;;;;;;;;;;;;;;;;;;;
21/06/2020;2213;86;;;979;1234;599;1614;0;1792;103;318;;0;94;34,4;24791;305;12;0;3;9;26;87;65,2;5;7;0;26;1;22;1;4;0;7;61;58,6;1032;18;492;540;891;49;92;;36,1;0;92;35369;438;107;77;74;9;1169;68;484;685;896;47;226;;0;32,4;94;0,54;46,63;52,82;;0;3;0;18;2;1;2;0;;;;;;;;;;;;;;;;;;;;;;;;;;;;;;;;;;;;;;;;;;;;;;;;;;;;;;;;;;;;
22/06/2020;2277;64;;;1006;1271;617;1660;0;1839;108;330;;0;94;34,4;24971;180;12;0;3;9;26;87;65,2;5;7;0;28;2;24;2;4;0;27;61;58,9;1043;11;500;543;898;49;96;;36,1;0;92;35225;180;108;77;74;9;1222;53;503;719;936;52;234;;0;32,9;94;0,53;45,81;53,67;;0;3;0;20;2;1;2;0;;;;;;;;;;;;;;;;;;;;;;;;;;;;;;;;;;;;;;;;;;;;;;;;;;;;;;;;;;;;
23/06/2020;2368;91;;;1049;1319;652;1716;2;1911;110;347;;0;94;34,3;25323;352;12;0;3;9;26;87;65,2;5;7;0;30;3;27;3;3;0;27;61;57;1129;86;540;589;962;52;115;;35,6;0;92;36135;510;109;78;74;9;1227;5;506;721;944;51;232;;0;32,7;94;0,51;47,68;51,82;;0;3;0;19;2;1;1;2;0;1;0;1;;;;;;;;;;;;;;;;;;;;;;;;;;;;;;;;;;;;;;;;;;;;;;;;;;;;;;;;
24/06/2020;2515;147;;;1123;1392;693;1822;0;1959;114;371;71;0;94;34,3;25797;474;12;0;3;9;26;87;65,2;5;7;0;30;3;25;1;5;2;43;61;56,7;1210;81;575;635;1008;54;137;11;35,1;0;92;36765;630;110;78;74;9;1293;66;445;748;946;53;234;60;0;35,1;94;0,48;48,11;51,41;;1;3;0;18;3;1;1;2;0;1;0;1;;;;;;;;;;;;;;;;;;;;;;;;;;;;;;;;;;;;;;;;;;;;;;;;;;;;;;;;
25/06/2020;2684;169;;;1201;1483;716;1968;0;2077;122;414;71;0;94;34,3;26331;534;12;0;3;9;26;87;65,2;5;7;0;29;2;23;1;6;1;43;78;59,5;1227;17;583;644;1021;56;139;11;35,1;0;92;37645;880;111;79;75;9;1445;152;615;830;1051;59;275;60;0;35,1;94;0,45;45,72;53,84;;2;2;0;17;3;1;1;2;0;0;0;1;;;;;;;;;;;;;;;;;;;;;;;;;;;;;;;;;;;;;;;;;;;;;;;;;;;;;;;;
26/06/2020;2836;152;;;1253;1583;763;2073;0;2186;136;438;76;0;94;34,3;26866;535;12;0;3;9;26;87;65,2;5;7;0;36;7;30;7;6;0;43;78;58,6;1280;53;602;673;1067;57;145;11;35,1;0;92;38500;855;112;79;75;9;1544;99;648;896;1114;72;293;65;0;33;94;0,42;45,13;54,44;;2;3;0;22;3;1;1;2;0;0;0;2;;;;;;;;;;;;;;;;;;;;;;;;;;;;;;;;;;;;;;;;;;;;;;;;;;;;;;;;
27/06/2020;2979;143;;;1313;1666;793;2182;4;2326;140;442;71;0;94;34,3;27613;747;13;1;4;9;26;87;67,9;5;8;0;36;3;31;3;5;0;43;61;57,2;1325;45;620;705;1102;60;152;11;35,2;0;92;39460;960;113;79;75;10;1641;97;689;952;1219;72;290;60;0;34,1;94;0,44;44,48;55,09;;2;4;0;23;2;1;1;2;0;0;0;1;;;;;;;;;;;;;;;;;;;;;;;;;;;;;;;;;;;;;;;;;;;;;;;;;;;;;;;;
28/06/2020;3130;151;;;1371;1759;850;2280;0;2428;150;471;81;0;94;34,3;28205;592;15;2;6;9;26;87;67,8;6;9;0;37;4;34;4;3;0;43;56;58,8;1366;41;637;729;1128;61;166;11;34,9;0;92;40319;859;114;79;75;12;1749;108;728;1021;1294;80;305;70;0;33,3;94;0,48;43,64;55,88;;1;6;0;24;2;1;0;1;0;0;0;2;;;;;;;;;;;;;;;;;;;;;;;;;;;;;;;;;;;;;;;;;;;;;;;;;;;;;;;;
29/06/2020;3269;139;;;1425;1844;899;2370;0;2546;159;481;83;0;94;34,4;28757;552;15;0;6;9;26;87;67,8;6;9;0;40;3;36;2;4;1;43;68;56,7;1394;28;646;748;1147;62;174;11;34,8;0;92;41077;758;115;79;75;12;1860;111;773;1087;1393;88;307;72;0;33,5;94;0,46;42,64;56,90;;1;7;0;26;2;1;1;1;0;0;0;1;;;;;;;;;;;;;;;;;;;;;;;;;;;;;;;;;;;;;;;;;;;;;;;;;;;;;;;;
30/06/2020;3459;190;;;1503;1956;966;2493;0;2697;167;512;83;0;94;34,4;29161;404;16;1;7;9;26;89;69,2;6;10;0;44;9;39;9;5;1;43;76;56,2;1436;42;663;773;1180;64;181;11;34,7;0;92;41680;603;116;79;75;12;2007;147;833;1174;1511;93;331;72;0;33,9;94;0,46;41,51;58,02;;2;5;0;30;2;1;1;2;0;0;0;1;;;;;;;;;;;;;;;;;;;;;;;;;;;;;;;;;;;;;;;;;;;;;;;;;;;;;;;;
01/07/2020;3753;294;;;1624;2129;1085;2668;0;2942;182;540;89;0;96;34,5;29720;559;16;0;7;9;26;89;69,2;6;10;0;44;13;50;11;6;1;38;76;54,3;1516;80;698;818;1231;68;199;18;34,4;0;92;42589;909;117;79;76;12;2221;214;919;1302;1705;104;341;71;0;34,6;96;0,43;40,39;59,18;;1;8;0;39;3;0;2;3;0;0;0;0;;;;;;;;;;;;;;;;;;;;;;;;;;;;;;;;;;;;;;;;;;;;;;;;;;;;;;;;
02/07/2020;4023;270;;;1721;2302;1175;2848;0;3162;191;580;90;0;96;34,4;30709;989;17;1;8;9;26;89;69,2;6;11;0;60;10;54;10;6;0;38;76;53,5;1589;73;713;876;1262;68;210;49;34,2;0;92;43865;1276;118;79;76;12;2417;196;1000;1417;1894;112;370;41;0;34,3;96;0,42;39,50;60,08;;1;5;0;43;3;0;2;5;0;0;0;0;0;0;;;;;;;;;;;;;;;;;;;;;;;;;;;;;;;;;;;;;;;;;;;;;;;;;;;;;;
03/07/2020;4311;288;;;1846;2465;1250;3061;0;3398;207;616;90;0;96;34,5;31354;645;18;1;9;9;26;89;67,5;7;11;0;73;13;63;14;10;4;40;76;54,7;1657;68;752;905;1312;72;224;49;34,3;0;94;44917;1052;119;79;76;12;2636;219;1085;1551;2079;124;392;41;0;34,5;96;0,42;38,44;61,15;;3;4;0;52;5;3;2;1;0;0;0;1;0;1;0;1;;;;;;;;;;;;;;;;;;;;;;;;;;;;;;;;;;;;;;;;;;;;;;;;;;;;
04/07/2020;4621;310;;;1946;2675;1346;3275;0;3652;220;662;87;0;96;34,4;32042;688;18;0;9;9;26;89;67,5;7;11;0;73;10;63;10;10;0;40;76;55,1;1721;64;779;942;1356;75;241;49;34,3;0;94;45945;1028;120;79;77;12;2882;246;1158;1724;2289;134;421;38;0;34,3;96;0,39;37,24;62,37;;3;5;0;50;5;0;2;4;0;0;0;2;0;1;0;0;0;1;;;;;;;;;;;;;;;;;;;;;;;;;;;;;;;;;;;;;;;;;;;;;;;;;;
05/07/2020;4996;375;;;2116;2880;1453;3543;0;3946;233;730;87;0;96;34,3;32864;822;19;1;9;10;26;89;67,5;8;11;0;77;12;67;12;10;0;40;76;57,6;1745;24;792;953;1374;76;246;49;34,3;0;94;47160;1215;121;79;77;12;3232;350;1315;1917;2564;146;484;38;0;34,3;96;0,38;34,93;64,69;;3;8;0;52;5;1;2;4;0;1;0;0;0;0;0;0;0;1;;;;;;;;;;;;;;;;;;;;;;;;;;;;;;;;;;;;;;;;;;;;;;;;;;
06/07/2020;5241;245;;;2230;3011;1536;3705;0;4142;245;765;89;0;96;34,3;33619;755;23;4;10;13;26;92;63,3;10;13;0;88;14;79;14;9;0;40;76;56;1766;21;801;965;1388;76;252;50;34,2;0;94;48487;1021;122;79;77;15;3452;220;1419;2033;2744;156;513;39;0;34,2;96;0,44;33,70;65,87;;3;11;0;60;4;1;2;4;0;1;0;0;0;0;0;0;0;1;0;1;;;;;;;;;;;;;;;;;;;;;;;;;;;;;;;;;;;;;;;;;;;;;;;;
07/07/2020;5486;245;;;2339;3147;1603;3883;0;4351;262;784;89;0;96;34,5;34596;977;23;0;10;13;26;92;63,3;10;13;0;107;19;96;12;11;2;40;76;55,9;1810;44;822;988;1426;78;255;51;34,2;0;94;49717;1230;123;79;78;15;3653;201;1507;2146;2915;171;529;38;0;34,5;96;0,42;32,99;66,59;;4;15;0;71;4;2;3;4;0;1;0;0;0;0;0;0;0;1;0;0;0;1;0;1;;;;;;;;;;;;;;;;;;;;;;;;;;;;;;;;;;;;;;;;;;;;
08/07/2020;5836;350;;;2476;3360;1706;4130;0;4661;276;807;92;0;96;34,7;35374;778;24;1;10;14;26;92;67,1;11;13;0;113;6;102;11;11;0;49;76;51,9;1929;119;871;1058;1517;81;278;53;34,1;0;94;50852;1135;124;79;79;15;3883;230;1595;2288;3133;182;529;39;0;34,9;96;0,41;33,05;66,54;;4;19;0;73;5;1;2;4;0;1;0;0;0;0;0;1;0;1;0;0;0;1;0;1;;;;;;;;;;;;;;;;;;;;;;;;;;;;;;;;;;;;;;;;;;;;
09/07/2020;6485;649;;;2769;3716;1888;4597;0;5214;306;873;92;0;96;34,9;36475;1101;25;1;10;15;26;92;67,6;11;14;0;120;7;106;14;14;3;43;82;55,6;2023;94;908;1115;1585;85;299;54;34;0;95;52775;1923;125;79;79;16;4437;554;1851;2586;3618;207;574;38;0;34,9;96;0,39;31,20;68,42;;7;24;0;73;5;0;2;6;0;1;0;0;0;0;0;0;0;1;0;1;0;0;0;0;;;;;;;;;;;;;;;;;;;;;;;;;;;;;;;;;;;;;;;;;;;;
10/07/2020;6845;360;;;2936;3909;1982;4863;0;5522;319;917;87;0;96;35;37482;1007;26;1;11;15;26;92;68,5;11;15;0;128;8;111;5;17;3;43;78;55;2110;87;941;1169;1643;90;319;58;33,9;0;94;54191;1416;126;80;79;17;4709;272;1984;2725;3868;214;598;29;0;35,3;96;0,38;30,83;68,79;;8;30;0;64;5;0;4;11;0;1;0;2;0;0;0;0;0;1;0;0;0;0;0;0;0;1;0;1;;;;;;;;;;;;;;;;;;;;;;;;;;;;;;;;;;;;;;;;
11/07/2020;7231;386;;;3105;4126;2122;5109;0;5846;342;953;90;0;96;35,1;38691;1092;28;2;12;16;26;92;66,5;13;15;0;132;11;110;5;22;5;24;82;55,2;2220;110;988;1232;1730;96;335;59;33,9;0;94;55982;1791;127;80;79;18;4983;274;2105;2878;4103;231;618;31;0;35,4;96;0,39;30,70;68,91;;12;25;0;67;5;0;4;12;0;1;1;2;0;0;0;0;0;2;0;0;0;0;0;0;0;0;0;1;;;;;;;;;;;;;;;;;;;;;;;;;;;;;;;;;;;;;;;;
12/07/2020;7596;365;;;3273;4323;2243;5353;0;6153;359;995;89;0;96;35,2;40118;1427;30;2;12;18;26;92;65,3;15;15;0;140;18;113;15;27;5;0;82;54,5;2239;19;994;1245;1746;97;336;60;33,9;0;94;57745;1763;128;80;79;18;5327;344;2267;3060;4392;247;659;29;0;35,5;96;0,39;29,48;70,13;;12;27;0;66;8;0;4;14;2;1;1;3;0;0;0;0;0;1;0;0;0;0;0;0;0;0;0;1;;;;;;;;;;;;;;;;;;;;;;;;;;;;;;;;;;;;;;;;
13/07/2020;8036;440;;;3458;4578;2370;5666;0;6522;391;1033;90;0;96;35,3;41529;1549;31;1;12;19;26;92;64,6;16;15;0;161;23;131;18;30;3;0;82;54,3;2304;65;1018;1286;1795;104;345;60;34;0;94;59749;2004;129;80;79;18;5701;374;2428;3273;4711;272;688;30;0;35,6;96;0,39;28,67;70,94;;12;22;0;82;9;0;6;18;2;2;1;4;0;0;0;0;0;1;0;0;0;0;0;0;0;0;0;1;0;1;;;;;;;;;;;;;;;;;;;;;;;;;;;;;;;;;;;;;;
14/07/2020;8482;446;;;3661;4821;2517;5965;0;6882;427;1080;93;0;99;35,5;42518;989;36;5;15;21;26;94;64,7;17;19;0;171;32;144;31;27;1;0;82;55,7;2441;137;1081;1360;1888;111;379;63;33,9;0;94;61216;1467;130;81;79;19;6005;304;2565;3440;4977;297;701;30;0;35,9;99;0,42;28,78;70,80;;12;27;0;81;7;7;6;17;2;2;0;5;0;0;0;0;0;1;0;0;0;0;0;0;0;0;0;0;0;1;0;1;0;1;0;1;;;;;;;;;;;;;;;;;;;;;;;;;;;;;;;;
15/07/2020;8986;504;;;3886;5100;2661;6325;0;7290;447;1155;94;0;99;35,5;43348;830;40;4;16;24;26;94;65,4;18;22;0;188;29;157;28;31;4;0;78;54,4;2551;110;1126;1425;1985;115;388;63;33,9;0;94;62558;1342;131;81;79;19;6395;390;2743;3652;5286;311;767;31;0;35,9;99;0,45;28,39;71,17;;12;38;0;79;10;8;6;17;2;5;1;4;0;0;0;0;0;1;0;0;0;0;0;0;0;0;0;0;0;2;0;0;0;1;0;1;0;1;;;;;;;;;;;;;;;;;;;;;;;;;;;;;;
16/07/2020;9546;560;;;4126;5420;2796;6750;0;7766;483;1200;97;0;99;35,7;44350;1002;42;2;17;25;26;94;66;19;23;0;207;39;172;34;35;4;0;78;55,8;2673;122;1174;1499;2088;120;402;63;34;0;94;64150;1592;132;81;79;21;6831;436;2935;3896;5659;340;798;34;0;35,5;99;0,44;28,00;71,56;;14;53;0;74;10;13;7;17;2;4;2;4;0;0;0;0;0;2;0;2;0;0;0;0;0;0;0;0;0;1;0;0;0;0;0;1;0;1;;;;;;;;;;;;;;;;;;;;;;;;;;;;;;
17/07/2020;9969;423;;;4324;5643;2920;7049;0;8111;512;1246;100;0;99;35,7;45495;1145;47;5;19;28;23;94;65,8;22;25;0;211;19;173;17;38;3;6;83;56,5;2818;145;1235;1583;2204;123;427;64;34,1;0;94;65819;1669;133;81;79;23;7104;273;3072;4032;5886;363;819;36;0;36,2;99;0,47;28,27;71,26;;16;52;0;78;9;13;9;18;1;5;3;3;0;0;0;0;0;2;0;0;0;0;0;0;0;0;0;0;0;1;0;0;0;0;0;1;0;0;;;;;;;;;;;;;;;;;;;;;;;;;;;;;;
18/07/2020;10551;582;;;4606;5945;3075;7476;0;8583;551;1315;102;0;99;35,9;46029;534;54;7;22;32;23;94;66,1;24;30;0;225;36;184;31;41;5;38;78;56;2902;84;1269;1633;2270;126;442;64;34;0;94;67077;1258;134;81;79;26;7595;491;3315;4280;6289;395;873;38;0;36,3;99;0,51;27,50;71,98;;12;53;0;77;15;11;11;26;0;7;3;2;0;0;0;0;0;2;0;1;0;0;0;0;0;0;0;0;0;2;0;1;0;0;0;1;0;0;0;1;;;;;;;;;;;;;;;;;;;;;;;;;;;;
19/07/2020;11114;563;;;4856;6258;3210;7904;0;9041;590;1377;106;0;99;35,9;46990;961;62;8;25;37;23;94;64,6;29;33;0;241;32;197;31;44;3;38;83;56,8;2966;64;1298;1668;2319;130;453;64;34;0;94;68755;1678;135;81;79;26;8086;491;3533;4553;6693;427;924;42;0;36,3;99;0,56;26,69;72,76;;11;62;0;79;20;10;10;30;0;7;3;2;0;0;0;0;0;2;0;1;0;0;0;0;0;0;0;0;0;0;0;2;0;0;0;1;0;0;0;1;;;;;;;;;;;;;;;;;;;;;;;;;;;;
20/07/2020;11534;420;;;5060;6474;3346;8188;0;9382;628;1417;107;0;99;35,9;47687;697;66;4;26;40;23;94;65,2;30;36;0;259;22;212;31;47;3;35;83;56,7;3019;53;1320;1699;2360;134;461;64;34;0;96;69947;1192;136;81;79;27;8449;363;3714;4735;6992;458;956;43;0;36,4;99;0,57;26,17;73,25;;12;53;0;79;22;19;10;43;0;7;3;2;0;0;0;0;0;2;0;3;0;0;0;0;0;0;0;0;0;0;0;1;0;0;0;1;0;0;0;1;0;1;;;;;;;;;;;;;;;;;;;;;;;;;;
21/07/2020;11811;277;;;5194;6617;3411;8400;0;9615;646;1442;108;0;99;36;48514;827;68;2;26;42;23;94;65,3;31;37;0;272;30;223;29;49;2;35;83;57;3194;175;1397;1797;2504;140;486;64;34,1;0;96;71150;1203;137;81;79;27;8549;100;3771;4778;7080;469;956;44;0;36,6;99;0,58;27,04;72,38;;15;59;0;85;22;18;9;47;0;7;3;1;0;0;0;0;0;2;0;2;0;1;0;0;0;0;0;0;0;0;0;0;0;0;0;1;0;0;0;0;0;0;;;;;;;;;;;;;;;;;;;;;;;;;;
22/07/2020;12361;550;;;5471;6890;3549;8812;0;10066;690;1496;109;0;99;36,1;49192;678;71;3;27;44;23;94;65,2;33;38;0;285;39;235;38;50;1;26;83;57,1;3322;128;1462;1860;2611;143;504;64;34,1;0;96;72397;1247;138;81;79;27;8968;419;3982;4986;7422;509;992;45;0;36,6;99;0,57;26,87;72,55;;15;63;0;85;23;17;11;53;0;7;1;3;0;1;0;0;0;2;0;1;0;1;0;0;0;0;0;0;0;0;0;0;0;0;0;0;0;0;0;0;0;1;0;1;;;;;;;;;;;;;;;;;;;;;;;;
23/07/2020;13129;768;;;5875;7254;3747;9382;0;10694;742;1581;112;0;99;36,2;50253;1061;80;9;27;53;23;94;65,6;36;44;0;290;28;247;27;43;1;26;83;57,5;3448;126;1520;1928;2725;147;512;64;34,2;0;96;74375;1978;139;81;79;28;9601;633;4328;5273;7933;551;1069;48;0;36,6;99;0,61;26,26;73,13;;12;64;0;70;22;20;8;58;0;7;1;2;0;1;0;0;0;3;0;0;0;1;0;0;0;0;0;0;0;0;0;0;0;0;0;0;0;0;0;0;0;1;0;0;0;20;;;;;;;;;;;;;;;;;;;;;;
24/07/2020;13669;540;;;6142;7527;3891;9778;0;11144;789;1623;113;0;99;36,2;51223;970;87;7;30;57;23;99;66,5;38;49;0;298;35;249;31;49;6;26;79;58;3505;57;1547;1958;2769;151;520;65;34,2;0;96;76053;1678;140;81;79;31;10077;476;4565;5512;8337;589;1103;48;0;36,6;99;0,64;25,64;73,72;;14;61;0;70;24;28;11;59;0;6;0;2;0;0;0;0;0;4;0;0;0;1;0;0;0;0;0;0;0;0;0;0;0;0;0;0;0;0;0;0;0;1;0;0;0;17;;;;;;;;;;;;;;;;;;;;;;
25/07/2020;14600;931;;;6594;8006;4134;10466;0;11890;856;1738;116;0;99;36,3;52134;911;98;11;35;63;23;99;67,6;40;58;0;293;35;242;35;51;2;24;88;58;3640;135;1602;2038;2889;156;529;66;34,3;0;96;77958;1905;141;81;79;33;10862;785;4957;5905;8961;642;1209;50;0;36,7;99;0,67;24,93;74,40;;14;51;0;73;27;29;10;59;0;6;0;2;0;0;0;0;0;4;0;0;0;1;0;0;0;0;0;0;0;0;0;0;0;0;0;0;0;0;0;0;0;0;0;0;0;17;;;;;;;;;;;;;;;;;;;;;;
26/07/2020;15229;629;;;6913;8316;4316;10913;0;12400;914;1794;121;0;100;36,4;53069;935;104;6;38;66;23;99;68;41;63;0;310;37;254;32;56;5;0;79;59;3736;96;1649;2087;2976;158;535;67;34,3;0;96;79544;1586;142;81;79;34;11389;527;5226;6163;9383;693;1259;54;0;36,8;100;0,68;24,53;74,78;;15;51;0;83;28;34;12;56;1;5;0;2;0;0;0;0;0;4;0;0;0;1;0;0;0;0;0;0;0;0;0;0;0;0;0;0;0;0;0;0;0;0;0;0;0;17;0;1;;;;;;;;;;;;;;;;;;;;
27/07/2020;15841;612;;;7219;8622;4464;11377;0;12905;959;1856;121;0;100;36,5;54158;1089;115;11;42;73;23;99;68,6;44;71;0;323;21;267;20;56;1;0;79;59;3824;88;1689;2135;3048;162;547;67;34,3;0;96;81266;1722;143;81;79;36;11902;513;5488;6414;9813;726;1309;54;0;36,8;100;0,73;24,14;75,13;;15;53;0;83;27;38;13;64;1;5;0;2;0;0;0;0;0;4;0;0;0;1;0;0;0;0;0;0;0;0;0;0;0;0;0;0;0;0;0;0;0;0;0;0;0;16;0;1;;;;;;;;;;;;;;;;;;;;
28/07/2020;16344;503;;;7458;8886;4561;11783;0;13325;985;1907;127;0;100;36,4;55156;998;125;10;47;78;23;99;69;46;79;0;323;19;270;18;53;1;0;79;59;3920;96;1723;2197;3126;167;559;68;34,4;0;96;82855;1589;144;81;79;34;12299;397;5688;6611;10153;739;1348;59;0;36,8;100;0,76;23,98;75,25;;14;57;0;86;26;36;12;66;1;6;0;1;0;0;0;0;0;4;0;0;0;0;0;0;0;0;0;0;0;0;0;0;0;0;0;0;0;1;0;0;0;0;0;1;0;12;0;0;;;;;;;;;;;;;;;;;;;;
29/07/2020;16800;456;;;7665;9135;4664;12136;0;13689;1039;1940;132;0;100;36,6;56356;1200;133;8;50;83;23;99;69,5;47;86;0;334;24;259;18;75;22;0;96;59;4050;130;1781;2269;3228;175;578;69;34,4;0;96;84815;1960;145;81;79;34;12617;318;5834;6783;10414;778;1362;63;0;36,9;100;0,79;24,11;75,10;;30;44;0;79;29;39;13;70;1;6;0;3;0;0;0;0;0;4;0;1;0;0;0;0;0;0;0;0;0;0;0;0;0;0;0;1;0;0;1;0;0;0;0;1;0;7;0;0;0;2;1;2;;;;;;;;;;;;;;;;
30/07/2020;17290;490;;;7871;9419;4795;12495;0;14121;1070;1964;135;0;100;36,6;57706;1350;140;7;53;87;23;99;69,4;50;90;0;352;44;272;41;80;5;0;96;59;4280;230;1880;2400;3422;189;598;71;34,6;0;96;86803;1988;146;81;79;34;12870;253;5938;6932;10649;791;1366;64;0;36,4;100;0,81;24,75;74,44;;31;38;0;78;33;43;13;80;1;7;0;3;0;0;0;0;0;3;0;3;0;0;0;0;0;0;0;0;0;1;0;0;0;0;0;0;0;0;1;0;0;0;0;0;0;11;0;0;0;2;1;2;0;1;;;;;;;;;;;;;;
31/07/2020;17820;530;;;8106;9714;4921;12899;0;14608;1105;1989;118;0;100;36,7;58920;1214;150;10;56;94;23;99;69,8;53;97;0;345;32;270;31;75;1;0;96;59;4404;124;1935;2469;3540;195;615;54;34,6;0;96;88861;2058;147;81;79;34;13266;396;6115;7151;11015;813;1374;64;0;37;100;0,84;24,71;74,44;;28;40;0;77;32;38;13;85;1;6;0;3;0;0;0;0;0;2;0;1;0;1;0;0;0;0;0;0;0;1;0;0;0;0;0;0;0;0;0;0;0;0;0;0;0;13;0;0;0;1;1;2;0;0;;;;;;;;;;;;;;
01/08/2020;18187;367;;;8268;9919;5021;13166;0;14940;1128;2001;118;0;100;36,7;60216;1296;154;4;57;97;23;99;70;53;101;0;346;33;252;30;94;19;24;91;59;4531;127;1995;2536;3645;204;628;54;34,7;0;96;90543;1682;148;81;79;35;13502;236;6216;7286;11242;823;1373;64;0;37;100;0,85;24,91;74,24;;25;42;0;81;33;39;35;62;0;9;0;2;0;0;0;0;0;1;0;0;0;0;0;0;0;0;0;0;0;1;0;0;0;0;0;0;0;0;0;0;0;0;0;0;0;11;0;0;0;1;1;3;0;0;;;;;;;;;;;;;;
02/08/2020;19015;828;788;40;8673;10342;5209;13806;0;15644;1182;2069;120;0;100;36,8;61443;1227;162;8;58;104;23;99;69,9;56;106;0;366;44;268;39;98;4;14;91;59;4585;54;2020;2565;3693;207;631;54;34,7;0;96;92680;2137;149;81;79;37;14268;766;6595;7673;11895;869;1438;66;0;37,1;100;0,85;24,11;75,04;;23;48;0;72;38;43;36;68;0;8;0;2;0;1;0;0;0;1;0;1;0;0;0;0;0;0;0;0;0;1;0;1;0;0;0;0;0;0;0;0;0;0;0;0;0;20;0;0;0;0;1;1;0;0;0;1;;;;;;;;;;;;
03/08/2020;19464;449;427;22;8872;10592;5285;14179;0;16011;1219;2113;121;0;100;36,8;62566;1123;171;9;63;108;23;99;69,9;58;113;0;393;46;296;43;97;3;14;91;59;4689;104;2071;2618;3780;209;646;54;34,7;0;96;94512;1832;150;81;79;38;14604;336;6738;7866;12173;897;1467;67;0;37,1;100;0,88;24,09;75,03;;25;46;0;77;37;53;35;71;0;9;0;2;0;1;0;0;0;1;0;2;0;0;0;0;0;0;0;0;0;2;0;0;0;0;0;0;0;0;0;0;0;0;0;0;0;19;0;0;0;0;0;2;0;2;0;2;0;7;;;;;;;;;;
04/08/2020;20005;541;435;106;9129;10876;5400;14605;0;16464;1262;2158;121;0;100;36,9;63715;1149;181;10;66;115;23;99;69,8;62;119;0;391;33;293;28;98;5;24;91;60;6590;1901;2885;3705;5344;297;889;60;35;0;96;96110;1598;151;81;80;39;13234;-1370;6178;7056;11058;846;1269;61;0;37,3;100;0,90;32,94;66,15;;27;48;0;80;39;53;32;72;0;9;0;2;0;0;0;0;0;1;0;2;0;0;0;0;0;0;0;0;0;2;0;0;0;0;0;0;0;1;0;0;0;0;0;0;0;19;0;0;0;0;0;2;0;0;0;1;0;1;;;;;;;;;;
05/08/2020;20683;678;580;98;9430;11253;5572;15111;0;17073;1303;2185;122;0;100;36,9;64934;1219;191;10;71;120;23;99;70,1;66;125;0;388;36;288;26;100;10;24;91;59;6851;261;3005;3846;5561;309;918;63;35;0;96;97950;1840;152;81;80;39;13641;407;6354;7287;11446;869;1267;59;0;37,4;100;0,92;33,12;65,95;;27;53;0;82;39;57;34;66;0;6;0;2;0;0;0;0;0;1;0;1;0;0;0;0;0;0;0;0;0;0;0;0;0;0;0;0;0;1;0;0;0;0;0;0;0;15;0;0;0;0;0;2;0;0;0;1;0;1;;;;;;;;;;
06/08/2020;21445;762;653;109;9792;11653;5748;15697;0;17749;1354;2220;122;0;100;37;66116;1182;200;9;74;126;23;99;70,1;70;130;0;391;37;288;28;103;9;24;91;60;7038;187;3087;3951;5712;317;945;64;35;0;96;100050;2100;153;81;80;39;14207;566;6631;7576;11967;907;1275;58;0;37,5;100;0,93;32,82;66,25;;28;58;0;77;42;54;33;67;0;5;0;2;0;0;0;0;0;2;0;1;0;0;0;0;0;0;0;0;0;0;0;0;0;0;0;0;0;0;0;0;0;0;0;0;0;17;0;0;0;0;0;2;0;1;0;1;0;1;;;;;;;;;;
07/08/2020;22081;636;496;140;10112;11969;5876;16205;0;18289;1405;2263;124;0;100;37;67450;1334;218;18;82;136;23;99;69,9;75;143;0;373;30;284;26;89;3;24;87;60;7266;228;3203;4063;5915;329;958;64;35,1;0;96;102257;2207;154;81;80;42;14597;390;6827;7770;12299;933;1305;60;0;37,4;100;0,99;32,91;66,11;;25;58;0;73;37;53;27;70;0;3;0;2;0;0;0;0;0;2;0;2;0;1;0;0;0;0;0;0;0;0;0;0;0;0;0;0;0;0;0;0;0;0;0;0;0;15;0;1;0;0;0;1;0;0;0;1;0;1;0;1;;;;;;;;
08/08/2020;22802;721;586;135;10447;12355;6036;16766;0;18902;1448;2326;126;0;100;37;68551;1101;228;10;85;143;23;99;70,1;77;151;0;360;33;280;28;80;5;24;87;60;7589;323;3364;4225;6184;344;998;63;35,1;0;96;104246;1989;155;81;80;42;14985;388;6998;7987;12641;953;1328;63;0;37,4;100;1,00;33,28;65,72;;23;60;0;80;33;51;24;64;0;3;0;2;0;0;0;0;0;2;0;2;0;0;0;0;0;0;0;0;0;0;0;0;0;0;0;0;0;0;0;0;0;0;0;0;0;12;0;1;0;1;0;1;0;1;0;0;0;0;0;0;;;;;;;;
09/08/2020;23286;484;447;37;10670;12616;6151;17135;0;19318;1493;2348;127;0;100;37,1;69509;958;235;7;86;149;23;99;70;79;156;0;376;38;290;28;86;9;28;87;60;7730;141;3433;4297;6300;349;1017;64;35,1;0;96;105915;1669;156;81;80;43;15321;336;7151;8170;12939;988;1331;63;0;37,6;100;1,01;33,20;65,79;;23;57;0;83;37;52;26;67;0;4;0;3;0;0;0;0;0;2;0;1;0;0;0;0;0;0;0;0;0;0;0;0;0;0;0;0;0;0;0;0;0;0;0;0;0;15;0;2;0;1;0;1;0;0;0;2;0;0;0;0;;;;;;;;
10/08/2020;23872;586;567;19;10943;12929;6286;17586;0;19821;1528;2387;136;0;100;37,1;70399;890;244;9;88;156;23;99;71;84;160;0;388;12;304;24;84;5;28;88;59;7823;93;3479;4344;6373;354;1025;71;35,1;0;96;107461;1546;157;81;80;44;15805;484;7376;8429;13364;1014;1362;65;0;37;100;1,02;32,77;66,21;;25;62;0;82;33;57;26;70;0;4;0;3;0;1;0;0;0;2;0;1;0;0;0;0;0;0;0;0;0;0;0;0;0;0;0;0;0;0;0;0;0;0;0;0;0;16;0;2;0;1;0;1;0;0;0;2;0;0;0;0;;;;;;;;
11/08/2020;24624;752;584;168;11301;13323;6422;18202;32;20462;1573;2439;150;0;100;37,2;71066;667;255;11;92;163;23;99;70,2;86;169;0;383;42;298;30;85;12;32;87;59;7971;148;3555;4416;6507;358;1035;71;35,2;0;96;108819;1358;158;81;80;45;16398;593;7654;8744;13869;1046;1404;79;0;37,6;100;1,04;32,37;66,59;;26;67;0;77;30;53;27;66;0;4;0;3;0;1;0;0;0;2;0;1;0;0;0;0;0;0;0;0;0;0;0;0;0;0;0;0;0;1;0;0;0;0;0;0;0;15;0;3;0;1;0;1;0;0;3;0;0;0;2;0;;;;;;;;
12/08/2020;25303;679;492;187;11623;13680;6599;18704;0;21048;1611;2494;150;0;100;37,2;72238;1172;263;8;96;167;23;100;70,3;88;175;0;371;34;283;23;88;11;32;87;59;8189;218;3654;4535;6679;370;1067;73;35,2;0;96;110817;1998;159;82;80;46;16851;453;7873;8978;14281;1066;1427;77;0;37,6;99;1,04;32,36;66,60;;28;62;0;75;27;44;27;63;0;4;0;3;0;0;0;0;0;3;0;1;0;0;0;0;0;0;0;0;0;1;0;0;0;1;0;1;0;0;0;0;0;0;0;0;0;18;0;3;0;0;0;0;0;0;0;3;0;0;6;0;0;1;;;;;;
13/08/2020;26129;826;658;168;12024;14105;6786;19343;0;21759;1663;2544;163;0;100;37,2;73577;1339;272;9;99;173;23;100;70,4;91;181;0;369;32;274;23;95;9;30;85;59;8412;223;3757;4655;6860;380;1099;73;35,1;0;96;112960;2143;160;82;80;45;17445;594;8168;9277;14808;1102;1445;90;0;37,6;99;1,04;32,19;66,76;;27;59;0;71;26;43;31;61;0;3;1;2;0;1;0;0;0;2;0;0;0;0;0;0;0;0;0;0;0;0;0;0;0;0;0;0;0;0;0;0;0;0;0;0;0;23;0;4;0;0;0;1;0;0;0;3;0;0;10;0;0;1;;;;;;
14/08/2020;26931;802;666;136;12416;14515;6967;19964;0;22459;1704;2604;164;0;100;37,2;75083;1506;281;9;102;179;23;100;70,2;95;186;0;373;36;274;23;99;7;12;85;59;8785;373;3936;4849;7164;397;1148;76;35,1;0;96;115444;2484;161;82;80;45;17865;420;8378;9487;15200;1121;1456;88;0;37,7;99;1,04;32,62;66,34;;30;55;0;74;24;43;32;59;1;3;1;2;0;1;0;0;0;3;0;2;0;0;0;0;0;0;0;0;0;0;0;0;0;1;0;0;0;0;0;0;0;0;0;0;0;21;0;3;0;0;0;3;0;0;0;3;0;0;11;0;0;1;;;;;;
15/08/2020;27737;806;599;207;12800;14937;7151;20586;0;23147;1759;2660;171;0;100;37,2;76681;1598;291;10;108;183;21;100;70,2;98;193;0;369;36;265;29;104;6;0;85;59;9010;225;4047;4963;7350;409;1175;76;35,1;0;96;117914;2470;162;82;80;46;18436;571;8645;9791;15699;1157;1485;95;0;37,7;99;1,05;32,48;66,47;;24;53;0;77;26;43;37;54;3;3;0;2;0;1;0;0;0;3;0;1;0;0;0;0;0;0;0;1;0;0;0;0;0;0;0;0;0;0;0;0;0;0;0;0;0;17;0;4;0;0;2;1;0;0;0;3;0;0;12;1;0;1;;;;;;
16/08/2020;28465;728;690;38;13136;15329;7292;21173;0;23783;1805;2706;171;0;100;37,2;78235;1554;294;3;109;185;21;100;70,2;99;195;0;380;36;278;31;102;4;0;97;59;9062;52;4074;4988;7391;415;1180;76;35,1;0;96;120435;2521;163;82;80;46;19109;673;8953;10156;16293;1195;1526;95;0;37,7;99;1,03;31,84;67,13;;23;65;0;77;31;45;32;57;3;3;0;2;0;1;0;0;0;3;0;0;0;0;0;0;0;0;0;1;0;0;0;0;0;0;0;0;0;1;0;0;0;0;0;0;0;15;0;4;0;1;2;0;0;0;0;3;0;0;11;0;0;0;;;;;;
17/08/2020;29084;619;581;38;13420;15664;7416;21668;0;24317;1850;2745;172;0;100;37,3;79189;954;304;10;113;191;21;100;69,9;106;198;0;397;32;291;32;106;4;0;97;59;9233;171;4147;5086;7542;427;1188;76;35,2;0;96;122134;1699;164;82;80;46;19547;438;9160;10387;16669;1225;1557;96;0;37,7;99;1,05;31,75;67,21;;26;67;0;79;32;53;33;54;3;3;0;2;0;1;0;0;0;3;0;1;0;0;0;0;0;0;0;2;0;0;0;0;0;0;0;0;0;0;0;0;0;0;0;0;0;15;0;5;0;1;1;0;0;0;0;3;0;1;11;1;0;0;;;;;;
18/08/2020;29643;559;498;61;13681;15962;7476;22167;0;24826;1878;2784;155;0;100;37,3;79750;561;314;10;117;197;21;100;70,2;106;208;0;413;36;303;27;110;9;1;97;59;9462;229;4237;5225;7747;443;1214;58;35,2;0;96;123223;1089;165;82;80;46;19867;320;9327;10540;16973;1227;1570;97;0;37,7;99;1,06;31,92;67,02;;27;64;0;81;34;57;36;58;1;6;0;2;0;2;0;1;0;3;0;2;0;0;0;0;0;0;0;1;0;0;0;0;0;0;0;0;0;0;0;0;0;0;0;0;0;13;0;8;0;1;1;0;0;0;0;3;0;0;11;1;0;0;;;;;;
19/08/2020;30409;766;584;182;14054;16355;7645;22764;0;25489;1925;2838;157;0;100;37,3;80701;951;321;7;121;200;21;100;70,2;109;212;0;412;49;286;33;126;16;1;97;58;9660;198;4324;5336;7923;455;1224;58;35,2;0;96;124854;1631;166;82;80;47;20428;561;9609;10819;17457;1258;1614;99;0;37,7;99;1,06;31,77;67,18;;25;66;13;62;40;64;35;53;1;7;0;1;0;1;0;1;0;3;0;1;0;0;0;0;0;0;0;1;0;0;0;0;0;0;0;0;0;0;;0;0;0;0;0;0;15;0;7;0;1;1;0;0;0;0;2;0;0;11;1;0;0;;;;;;
20/08/2020;31075;666;459;207;14382;16693;7764;23311;0;26053;1966;2896;160;0;100;37,3;81437;736;333;12;125;208;21;100;70,3;110;223;0;410;42;282;34;128;8;1;97;57;9939;279;4444;5495;8164;471;1243;61;35,3;0;96;126337;1483;167;82;80;49;20803;375;9813;10990;17779;1272;1653;99;0;37,7;99;1,07;31,98;66,94;;28;55;12;65;41;60;34;55;1;6;0;1;0;0;0;1;0;3;0;0;0;1;0;4;0;0;0;1;0;1;0;0;0;0;0;0;0;0;0;0;0;0;0;0;0;18;0;5;0;1;1;0;0;1;0;2;0;0;11;2;0;0;;;;;;
21/08/2020;32134;1059;866;193;14909;17225;7972;24162;0;26990;2015;2969;160;0;100;37,3;82409;972;340;7;127;213;21;100;70;114;226;0;403;36;279;31;124;5;1;97;56,8;10159;220;4552;5607;8342;490;1266;61;35,3;0;96;128308;1971;168;82;80;50;21635;832;10230;11405;18534;1299;1703;99;0;37,7;99;1,06;31,61;67,33;;27;57;14;61;42;58;28;58;1;6;0;3;0;0;0;0;0;3;0;2;0;2;0;3;0;1;0;1;0;0;0;0;0;0;0;0;0;0;0;0;0;0;0;0;0;19;0;1;0;1;1;0;0;0;0;2;0;0;11;1;0;0;;;;;;
22/08/2020;33084;950;777;173;15345;17739;8157;24927;0;27816;2063;3044;161;0;100;37,3;83763;1354;348;8;129;219;21;100;70,1;118;230;0;386;29;255;21;131;8;1;94;58;10372;213;4646;5726;8529;501;1280;62;35,4;0;96;130867;2559;169;82;80;51;22364;729;10570;11794;19169;1332;1764;99;0;37,7;99;1,05;31,35;67,60;;26;53;15;58;44;53;31;54;1;5;2;2;0;0;0;0;0;3;0;3;0;0;0;1;0;0;0;1;0;0;0;0;0;0;0;0;0;0;0;0;0;0;0;0;0;18;0;0;0;1;1;0;0;0;0;2;0;0;11;0;0;1;;;;;;
23/08/2020;33820;736;682;54;15699;18121;8291;25529;0;28463;2119;3076;162;0;100;37,3;85174;1411;355;7;133;222;21;100;69,9;122;233;0;405;19;274;25;131;8;0;94;58;10518;146;4708;5810;8655;510;1291;62;35,4;0;96;133005;2138;170;82;80;51;22947;583;10858;12089;19686;1376;1785;100;0;37,7;99;1,05;31,10;67,85;;27;51;15;55;45;64;29;63;2;5;2;3;0;0;0;0;0;4;0;3;0;0;0;0;0;0;0;1;0;0;0;0;0;0;0;0;0;0;0;0;0;1;0;0;0;19;0;0;0;0;0;3;0;0;0;1;0;0;11;0;0;1;;;;;;
24/08/2020;34463;643;575;68;15988;18475;8393;26070;0;29010;2162;3129;162;0;100;37,3;86132;958;362;7;137;225;21;100;69,9;125;237;0;414;30;271;20;143;10;0;94;58;12758;2240;5786;6972;10504;675;1514;65;35,8;0;99;134812;1807;171;82;81;52;21343;-1604;10065;11278;18381;1250;1615;97;0;37,7;97;1,05;37,02;61,93;;30;52;16;60;49;61;31;59;2;5;2;4;0;0;0;0;0;4;0;3;0;0;0;0;0;0;0;1;0;0;0;0;0;1;0;0;0;0;0;0;0;1;0;0;0;16;0;0;0;1;2;2;0;0;0;1;0;0;11;0;0;0;;;;;;
25/08/2020;35305;842;602;240;16411;18894;8511;26794;0;29705;2213;3224;163;0;100;37,3;86834;702;376;14;144;232;21;100;69,9;130;246;0;412;36;268;27;144;9;0;92;58;13073;315;5920;7153;10775;695;1536;67;35,8;0;99;136154;1342;172;82;81;52;21856;513;10347;11509;18800;1272;1688;96;0;37,7;98;1,07;37,03;61,91;;29;50;16;62;47;62;35;57;2;6;2;2;0;0;0;0;0;4;0;1;0;0;0;0;0;0;0;2;0;0;0;0;0;0;0;0;0;0;0;0;0;1;0;0;0;14;0;0;0;2;2;2;0;1;0;1;0;1;11;0;0;0;;;;;;
26/08/2020;36307;1002;800;202;16878;19429;8683;27624;0;30566;2300;3273;168;0;100;37,3;88082;1248;386;10;149;237;21;100;69,9;133;253;0;400;43;257;31;143;12;1;92;58;13317;244;6042;7275;10996;703;1548;70;35,8;0;99;138394;2240;173;82;81;52;22604;748;10687;11917;19437;1344;1725;98;0;37,7;98;1,06;36,68;62,26;;28;52;15;60;45;56;39;51;2;4;2;2;0;0;0;0;0;4;0;3;0;0;0;1;0;0;0;2;0;0;0;0;0;0;0;0;0;0;0;0;0;0;0;0;0;15;0;0;0;2;1;4;0;0;0;1;0;0;11;0;0;0;;;;;;
27/08/2020;37292;985;773;212;17383;19909;8889;28403;0;31408;2357;3359;168;0;100;37,4;89168;1086;397;11;153;244;21;100;69,9;137;260;0;395;45;263;31;132;14;13;85;58;14471;1154;6606;7865;12015;778;1608;70;36,1;0;99;140722;2328;174;82;81;53;22424;-180;10624;11800;19256;1319;1751;98;0;37,6;99;1,06;38,80;60,13;;25;52;15;63;41;63;38;46;0;4;1;1;0;0;0;0;0;5;0;3;0;0;0;1;0;0;0;1;0;0;0;0;0;1;0;0;0;0;0;0;0;0;0;0;0;15;0;0;0;2;0;6;0;0;0;0;0;0;12;0;0;0;;;;;;
28/08/2020;38485;1193;977;216;17962;20523;9051;29434;0;32427;2430;3459;169;0;100;37,4;90402;1234;407;10;158;249;21;100;70,6;137;270;0;411;55;271;38;140;17;13;85;57;14664;193;6692;7972;12185;781;1627;71;36,1;0;99;143049;2327;175;82;82;53;23414;990;11112;12302;20105;1379;1832;98;0;37,6;99;1,06;38,10;60,84;;26;53;16;63;41;68;44;44;0;7;1;1;0;0;0;0;0;5;0;2;0;1;0;1;0;0;0;0;0;0;0;0;0;1;0;0;0;0;0;1;0;0;0;0;0;16;0;0;0;2;0;4;0;0;0;1;0;0;12;1;0;0;;;;;;
29/08/2020;39699;1214;989;225;18546;21153;9249;30450;0;33445;2516;3568;170;0;100;37,4;92046;1644;418;11;160;258;21;100;70;141;277;0;413;44;280;36;133;8;11;83;57;15737;1073;7233;8504;13142;832;1691;72;36,2;0;99;146047;2998;176;82;82;56;23544;130;11153;12391;20162;1407;1877;98;0;37,5;99;1,05;39,64;59,31;;28;58;16;65;34;65;40;50;1;7;1;2;0;0;0;0;0;5;0;3;0;1;0;0;0;0;0;0;0;0;0;0;0;1;0;0;0;1;0;0;0;0;0;0;0;16;0;0;0;1;0;4;0;0;0;1;0;0;13;0;0;0;;;;;;
30/08/2020;40546;847;804;43;18947;21599;9391;31155;0;34161;2583;3627;175;0;100;37,4;93296;1250;429;11;166;263;21;100;70;144;285;0;428;47;290;37;142;10;11;83;57;15970;233;7341;8629;13333;846;1715;76;36,3;0;99;148479;2432;177;82;82;57;24147;603;11440;12707;20684;1452;1912;99;0;37,6;99;1,06;39,39;59,55;;31;56;16;68;41;73;40;55;1;6;1;2;0;0;0;0;0;5;0;2;0;1;0;0;0;0;0;0;0;0;0;0;0;1;0;0;0;0;0;0;0;0;0;0;0;16;0;0;0;0;0;4;0;0;0;1;0;0;12;0;0;0;;;;;;
31/08/2020;41287;741;686;55;19274;22013;9491;31796;0;34768;2663;3676;180;0;100;37,4;94127;831;436;7;169;267;19;100;69,8;149;287;0;450;38;306;33;144;5;11;83;57;16056;86;7379;8677;13404;851;1719;82;36,3;0;99;150106;1627;178;82;82;57;24795;648;11726;13069;21215;1525;1957;98;0;37,6;99;1,06;38,89;60,06;;31;56;16;71;46;77;37;63;1;7;1;2;0;0;0;0;0;6;0;1;0;1;0;1;0;0;0;0;0;0;0;0;0;0;0;0;0;1;0;0;0;1;0;0;0;15;0;0;0;0;0;3;0;0;0;1;0;0;12;0;0;0;;;;;;
01/09/2020;42184;897;673;224;19705;22479;9610;32574;0;35522;2722;3757;183;0;100;37,5;94942;815;443;7;172;271;19;100;69,8;153;290;0;448;41;299;31;149;10;11;83;57;16270;214;7471;8799;13586;862;1737;85;36,3;0;99;151694;1588;179;82;82;57;25471;676;12062;13409;21783;1570;2020;98;0;37,7;99;1,05;38,57;60,38;;34;59;15;70;51;78;36;56;0;8;1;2;0;0;0;0;0;5;0;1;0;1;0;2;0;0;0;1;0;0;0;0;0;0;0;0;0;0;0;0;0;1;0;0;0;9;0;0;0;0;0;4;0;0;0;1;0;1;12;0;0;0;;;;;;
02/09/2020;43305;1121;885;236;20273;23032;9785;33520;0;36505;2783;3837;180;0;100;37,5;96176;1234;453;10;174;279;19;100;69,7;158;295;0;456;47;302;37;154;10;2;83;58;16512;242;7540;8972;13797;871;1748;96;36,3;0;99;153884;2190;180;82;82;58;26340;869;12559;13781;22550;1617;2089;84;0;37,7;99;1,05;38,13;60,82;;32;59;15;68;55;75;40;63;1;8;1;1;0;0;0;0;0;7;0;2;0;1;0;2;0;0;0;0;0;0;0;0;0;0;0;0;0;0;0;1;0;1;0;0;0;11;0;0;0;0;0;2;0;0;0;1;0;0;10;0;0;0;;;;;;
03/09/2020;44458;1153;913;240;20851;23607;9966;34492;0;37500;2838;3936;184;0;100;37,5;97754;1578;460;7;176;284;19;100;69,5;161;299;0;463;47;302;31;161;16;24;83;59;17855;1343;8233;9622;14960;940;1855;100;36,4;0;99;156466;2582;181;82;82;58;26143;-197;12442;13701;22379;1599;2081;84;0;37,7;99;1,03;40,16;58,80;;32;60;16;63;60;69;39;66;0;9;1;1;0;0;0;0;0;6;0;2;0;1;0;3;0;0;0;0;0;0;0;2;0;0;0;0;0;0;0;1;0;0;0;0;0;13;0;0;0;0;0;3;0;0;0;1;0;1;13;0;0;1;;;;;;
04/09/2020;45680;1222;998;224;21451;24229;10135;35545;0;38580;2931;4036;133;0;100;37,5;99506;1752;469;9;177;292;19;100;60,6;163;306;0;469;46;257;30;212;62;24;91;59;18053;198;8329;9724;15167;955;1871;60;36,4;0;99;159455;2989;182;82;82;59;27158;1015;12945;14213;23250;1670;2165;73;0;37,7;99;1,03;39,52;59,45;;30;59;64;16;63;71;42;64;0;10;0;3;0;0;0;0;0;6;0;1;0;0;0;3;0;0;0;0;0;0;0;2;0;0;0;0;0;0;0;0;0;0;0;0;0;15;0;0;0;0;0;2;0;0;0;1;0;3;13;0;0;1;;;;;;
05/09/2020;46920;1240;1015;225;22063;24857;10323;36597;0;39646;3014;4127;133;0;100;37,5;101370;1864;478;9;179;299;19;100;60,6;165;313;0;471;54;261;38;210;16;24;91;59;18211;158;8407;9804;15304;963;1884;60;36,4;0;99;162780;3325;183;82;82;60;28231;1073;13477;14754;24177;1738;2243;73;0;37,7;99;1,02;38,81;60,17;;28;62;62;15;64;83;43;58;0;10;0;2;0;0;0;0;0;6;0;1;0;0;0;3;0;0;0;0;0;0;0;1;0;0;0;0;0;0;;0;0;0;0;0;0;16;0;0;0;0;0;2;0;0;0;1;0;0;13;0;0;1;;;;;;
06/09/2020;47947;1027;957;70;22581;25366;10449;37498;0;40570;3068;4196;113;0;100;37,5;102555;1185;491;13;185;306;19;100;69,4;172;319;0;480;40;270;25;210;15;24;91;59;18445;234;8519;9926;15521;980;1895;49;36,4;0;99;165144;2364;184;82;82;60;29011;780;13877;15134;24877;1769;2301;64;0;37,6;99;1,02;38,47;60,51;;28;64;61;16;66;82;42;60;0;10;0;3;0;0;0;0;0;6;0;2;0;0;0;2;0;0;0;0;0;0;0;1;0;0;0;1;0;0;0;1;0;1;0;0;0;15;0;1;0;0;0;2;0;0;0;1;0;1;13;0;0;1;;;;;;
07/09/2020;48780;833;750;83;22990;25790;10554;38226;0;41305;3126;4233;116;0;100;37,5;103361;806;510;19;195;315;19;100;69,5;177;333;0;496;41;283;34;213;12;24;91;59;19083;638;8848;10235;16073;1027;1933;50;36,5;0;99;166786;1642;185;82;82;60;29187;176;13947;15240;25055;1766;2300;66;0;37,6;100;1,05;39,12;59,83;;28;72;59;14;69;84;44;66;0;10;0;2;0;0;0;0;0;6;0;0;0;0;0;1;0;0;0;1;0;0;0;0;0;0;0;0;0;0;0;1;0;1;0;3;0;15;0;2;0;1;0;1;0;0;0;1;0;1;13;0;0;1;;;;;;
08/09/2020;49897;1117;829;288;23523;26374;10722;39175;0;42245;3194;4341;117;0;100;37,5;104510;1149;531;21;202;329;19;100;69,6;185;346;0;500;57;264;34;236;23;23;91;60;19285;202;8951;10334;16250;1033;1951;51;36,5;0;99;169002;2216;186;82;82;62;30081;894;14370;15711;25810;1815;2390;66;0;37,6;100;1,06;38,65;60,29;;26;69;;;71;82;42;57;0;6;0;2;0;0;0;0;0;7;0;1;0;0;0;1;0;0;0;0;0;0;0;0;0;0;0;0;0;2;0;1;0;2;4;3;;;0;2;0;1;1;0;0;0;0;1;0;4;12;5;0;1;80;17;;;;
09/09/2020;51224;1327;1066;261;24173;27051;10894;40330;0;43366;3287;4455;116;0;100;37,5;105961;1451;543;12;205;338;19;100;69,9;189;354;0;509;68;272;51;237;17;23;91;60;19544;259;9065;10479;16485;1046;1963;50;36,5;0;99;172011;3009;187;82;82;63;31137;1056;14903;16234;26692;1887;2492;66;0;37,6;100;1,06;38,15;60,79;;28;67;;;73;83;40;51;0;5;0;2;0;0;0;1;0;7;0;2;0;1;0;3;0;0;0;1;0;0;0;0;0;2;0;0;0;0;0;0;0;3;4;4;;;0;2;1;0;1;2;0;0;0;4;0;2;13;6;0;1;77;21;0;2;;
10/09/2020;52549;1325;1063;262;24827;27722;11066;41483;0;44504;3390;4538;117;0;100;37,6;107513;1552;567;24;214;353;19;100;69,7;195;372;0;524;74;305;60;219;14;24;96;60;20322;778;9439;10883;17160;1084;2023;55;36,5;0;99;175050;3039;188;82;82;63;31660;523;15174;16486;27149;1934;2515;62;0;37,5;100;1,08;38,67;60,25;;25;65;;;63;87;37;66;0;4;0;3;0;0;0;3;0;10;0;1;0;2;0;4;0;0;0;0;0;0;0;0;0;1;0;1;0;1;0;0;0;3;4;8;;;0;1;0;0;2;1;0;1;0;2;0;10;13;9;0;1;75;21;0;0;;
11/09/2020;53969;1420;1167;253;25506;28463;11275;42694;0;45744;3475;4636;114;0;100;37,6;109500;1987;583;16;221;362;19;100;69,8;198;385;0;534;65;313;46;221;19;24;96;60;20710;388;9631;11079;17495;1100;2059;56;36,5;0;99;178446;3396;189;82;82;65;32676;1016;15654;17022;28051;1990;2577;58;0;37,6;100;1,08;38,37;60,55;;29;70;;;65;93;37;61;0;3;1;3;0;0;0;5;0;10;0;4;0;0;0;4;0;0;0;0;0;0;0;0;0;0;0;0;0;0;0;0;0;3;3;8;;;0;1;2;1;1;4;0;1;0;0;0;6;13;12;0;2;70;22;0;0;;
12/09/2020;55454;1485;1261;224;26236;29218;11474;43980;0;47038;3549;4753;114;0;100;37,6;111235;1735;590;7;224;366;19;100;69,7;202;388;0;564;72;339;53;225;19;24;96;60;20928;218;9739;11189;17674;1109;2088;57;336,5;0;99;181763;3317;190;82;82;65;33936;1260;16273;17663;29162;2052;2665;57;0;37,6;100;1,06;37,74;61,20;;31;71;;;65;90;36;65;0;2;1;4;0;1;0;8;0;10;0;7;0;3;0;4;0;0;0;0;0;0;0;0;0;0;0;0;0;1;0;0;0;4;6;10;;;0;1;1;2;1;4;0;1;0;4;0;3;13;16;0;3;71;23;0;2;;
13/09/2020;56424;970;911;59;26714;29710;11607;44817;0;47879;3624;4798;123;0;100;37,6;112919;1684;605;15;229;376;19;100;69,8;206;399;0;589;62;352;62;237;18;24;96;60;21069;141;9810;11259;17792;1118;2099;60;36,5;0;99;184522;2759;191;82;82;65;34750;814;16675;18075;29881;2107;2699;63;0;37,6;100;1,07;37,34;61,59;;32;70;;;71;87;40;67;0;3;1;4;0;1;0;7;0;10;0;9;0;5;0;5;0;0;0;1;0;1;0;0;0;0;0;0;0;1;0;1;0;4;5;9;;;0;1;0;2;0;7;0;0;0;4;0;4;13;20;0;3;75;24;0;2;;
14/09/2020;57361;937;841;96;27172;30189;11704;45657;0;48667;3704;4864;126;0;100;37,6;113934;1015;621;16;233;388;19;100;69,9;210;411;0;620;86;377;71;243;15;24;91;60;21206;137;9881;11325;17906;1123;2117;60;36,5;0;99;186456;1934;192;82;82;65;35534;784;17058;18476;30551;2170;2747;66;0;37,5;100;1,08;36,97;61,95;;33;72;;;73;85;41;66;0;5;1;2;0;2;0;7;0;22;0;10;0;4;0;5;0;0;0;0;0;0;0;0;0;0;0;0;0;0;1;0;0;5;6;9;0;1;0;1;1;0;0;6;0;1;0;6;0;24;13;18;0;3;74;22;0;1;;
15/09/2020;58138;777;713;64;27555;30583;11786;46352;0;49340;3760;4909;129;0;100;37,6;114929;995;633;12;240;393;19;100;70;212;421;0;631;45;382;32;249;13;24;91;60;21536;330;10036;11500;18183;1148;2142;63;36,5;0;99;188249;1793;193;82;82;65;35969;435;17279;18690;30945;2191;2767;66;0;37,7;100;1,09;37,04;61,87;;28;74;;;78;91;44;65;0;5;1;2;0;0;0;6;0;22;0;12;0;5;0;3;0;0;0;1;0;1;0;0;0;0;0;0;0;0;1;0;0;5;6;10;0;1;0;4;1;0;1;4;0;1;0;8;0;22;13;18;0;2;76;19;0;1;;
16/09/2020;59516;1378;1135;243;28264;31252;11938;47578;0;50524;3867;4996;129;0;100;37,6;116014;1085;649;16;246;403;19;100;70,1;215;434;0;634;61;381;44;253;17;23;91;60;21752;216;10137;11615;18382;1156;2151;63;36,5;0;99;190570;2321;194;82;82;65;37115;1146;17881;19234;31927;2277;2845;66;0;37,7;100;1,09;36,55;62,36;;31;75;;;81;92;41;60;0;4;4;4;0;0;0;5;0;22;0;12;0;3;0;4;0;0;0;1;0;1;0;0;0;0;0;0;0;0;1;0;0;4;6;13;0;1;0;5;1;0;2;3;0;1;0;8;0;27;12;18;0;2;74;15;0;1;;
17/09/2020;60818;1302;1021;281;28907;31911;12029;48789;0;51636;3947;5106;129;0;100;37,6;117301;1287;666;17;253;413;19;100;70,1;220;446;0;627;62;382;40;245;22;23;91;60;22662;910;10610;12052;19157;1197;2244;64;36,6;0;99;193045;2475;195;82;82;66;37490;375;18044;19446;32259;2304;2862;65;0;37,7;100;1,10;37,26;61,64;;31;71;;;71;89;40;63;0;4;4;5;0;1;0;5;0;22;0;12;0;2;0;5;0;0;0;1;0;1;0;0;0;0;0;0;0;0;1;1;0;2;6;18;0;1;0;6;0;1;1;5;0;1;0;10;0;21;13;18;0;1;78;15;0;1;;
18/09/2020;62374;1556;1323;233;29647;32727;12233;50141;0;52963;4046;5236;129;0;100;37,6;119216;1915;686;20;263;423;19;100;70,1;228;458;0;623;50;378;33;245;17;23;91;60;23168;506;10857;12311;19611;1212;2281;64;36,5;0;99;196377;3332;196;82;82;67;38520;1030;18527;19993;33124;2376;2955;65;0;37,7;100;1,10;37,14;61,76;;29;73;;;69;89;42;58;0;0;4;6;0;1;0;5;0;21;0;12;0;2;0;4;0;0;0;0;0;1;0;0;0;0;0;1;0;0;1;1;0;2;5;24;0;1;0;7;0;1;1;7;0;0;0;6;0;16;13;15;0;0;81;23;0;2;;
19/09/2020;63712;1338;1034;304;30299;33413;12404;51308;0;54066;4162;5352;132;0;100;37,6;121292;2076;706;20;270;436;19;100;70,1;233;473;0;620;53;373;40;247;13;23;91;60;23552;384;11042;12510;19954;1225;2309;64;36,5;0;99;199713;3336;197;82;82;67;39454;934;18987;20467;33879;2464;3043;68;0;37,7;100;1,11;36,97;61,93;;29;69;;;67;85;40;61;0;1;8;2;0;7;0;5;0;19;0;10;0;2;0;3;0;0;0;0;0;1;0;0;0;0;0;1;0;0;1;1;0;3;6;25;0;1;0;4;0;1;3;7;0;0;0;5;0;14;11;17;0;2;82;25;0;2;;
20/09/2020;64899;1187;1118;69;30840;34059;12555;52344;0;55102;4261;5422;114;0;100;37,6;123088;1796;727;21;277;450;19;100;70,3;236;491;0;633;61;381;42;252;19;23;91;60;23842;290;11185;12657;20218;1234;2328;62;36,5;0;99;202796;3083;198;82;82;68;40330;876;19378;20952;34648;2536;3094;52;0;37,7;100;1,12;36,74;62,14;;28;70;;;74;93;39;59;0;1;8;4;0;5;0;5;0;17;0;12;0;3;0;1;0;0;0;0;0;1;0;0;0;0;0;1;0;0;1;1;0;3;6;26;0;1;0;5;0;0;1;5;0;0;0;9;0;14;13;21;0;2;82;20;0;2;;
21/09/2020;65602;703;651;52;31146;34456;12644;52958;0;55696;4327;5459;120;0;100;37,7;124178;1090;745;18;283;462;19;100;70,3;241;504;0;634;49;380;40;254;9;1;91;61;25127;1285;11849;13278;21322;1324;2413;68;36,6;0;99;204765;1969;199;82;82;68;39730;-600;19014;20716;34133;2499;3046;52;0;37,7;100;1,14;38,30;60,56;;27;75;;;83;90;37;66;1;1;10;2;0;5;0;6;0;18;0;9;0;2;0;1;0;0;0;1;0;2;0;0;0;0;0;1;0;0;1;0;0;1;6;25;0;0;0;5;0;1;1;4;0;0;0;9;0;14;12;19;0;2;76;19;0;2;;
22/09/2020;66689;1087;868;219;31688;35001;12777;53912;0;56616;4412;5541;120;0;100;37,7;125212;1034;760;15;290;470;19;100;70,3;244;516;0;637;55;377;41;260;14;1;91;60;25706;579;12122;13584;21843;1343;2452;68;36,6;0;99;206812;2047;200;82;82;68;40223;493;19276;20947;34529;2553;3089;52;0;37,7;100;1,14;38,55;60,31;;28;75;;;83;85;39;65;1;0;9;4;0;7;0;9;0;17;0;10;0;3;0;1;0;0;0;2;0;1;0;0;0;0;0;0;0;1;1;0;0;0;6;24;0;0;0;3;0;1;2;5;0;1;0;9;0;15;13;19;0;2;78;16;0;2;;
23/09/2020;68059;1370;1142;228;32346;35713;12918;55141;0;57781;4504;5662;112;0;100;37,7;127047;1835;781;21;300;481;19;100;70,3;251;530;0;616;56;367;43;249;13;1;91;61;26136;430;12318;13818;22233;1362;2479;62;36,6;0;99;210057;3245;201;82;82;68;41142;919;19728;21414;35297;2612;3183;50;0;37,7;100;1,15;38,40;60,45;;24;63;;;82;79;41;61;1;0;8;4;0;9;0;9;0;17;0;9;0;1;0;0;0;0;0;2;0;2;0;0;0;0;0;2;0;0;0;0;0;0;7;23;0;0;0;5;0;1;2;5;0;1;0;16;0;16;13;21;0;2;71;18;0;1;;
24/09/2020;69459;1400;1122;278;33052;36407;13078;56381;0;58953;4605;5788;113;0;100;37,7;129114;2067;795;14;307;488;19;100;70,3;254;541;0;610;57;357;44;253;13;1;91;61;26554;418;12524;14030;22599;1382;2510;63;36,6;0;99;213404;3347;202;82;82;69;42110;968;20221;21889;36100;2682;3278;50;0;37,7;100;1,14;38,23;60,63;;26;56;;;82;78;41;63;1;0;8;3;0;5;0;9;0;16;0;8;0;0;0;2;0;0;0;2;0;1;0;0;0;0;0;1;0;0;0;0;0;1;7;24;0;0;0;2;0;0;1;7;0;0;0;17;0;20;13;23;0;1;74;17;0;1;;
25/09/2020;70816;1357;1133;224;33694;37122;13270;57546;0;60075;4734;5891;116;0;100;37,7;130639;1525;812;17;315;497;19;100;70,3;260;552;0;595;43;358;31;237;12;1;91;61;27023;469;12732;14291;23011;1411;2536;65;36,7;0;99;216356;2952;203;82;82;69;42981;871;20647;22334;36804;2771;3355;51;0;37,7;100;1,15;38,16;60,69;;26;56;;;70;84;37;67;1;0;8;3;0;8;0;8;0;15;0;9;0;2;0;3;0;0;0;2;0;1;0;0;0;0;0;0;0;0;0;0;0;1;6;19;0;0;0;2;0;0;1;7;0;0;0;13;0;17;12;23;0;1;76;17;0;0;;
26/09/2020;72049;1233;994;239;34311;37738;13429;58620;0;61144;4804;5985;116;0;100;37,7;132702;2063;828;16;323;505;19;100;70,3;264;564;0;579;51;341;31;238;20;1;91;61;27760;737;13055;14705;23662;1438;2590;70;36,6;0;99;219823;3467;204;82;82;70;43461;480;20933;22528;37218;2802;3395;46;0;37,7;100;1,15;38,53;60,32;;29;52;;;69;79;38;63;1;2;10;3;0;9;0;8;0;12;0;6;0;2;1;3;0;1;0;2;0;0;0;1;0;0;0;0;0;0;0;0;0;1;4;20;0;0;0;1;0;1;1;7;0;0;0;13;0;14;12;19;0;2;73;18;0;2;;
27/09/2020;72984;935;859;76;34762;38222;13526;59458;0;61926;4896;6044;118;0;100;37,7;134265;1563;847;19;332;515;19;100;70,3;270;577;0;595;69;372;59;223;10;1;91;61;28582;822;13416;15166;24352;1481;2677;72;36,6;0;99;222548;2725;205;82;82;70;43555;94;21014;22541;37304;2838;3367;46;0;37,8;100;1,16;39,16;59,68;;28;51;;;60;86;33;67;1;2;10;5;0;10;0;9;0;12;0;10;0;2;1;7;0;0;0;2;0;1;0;1;0;0;0;1;0;0;0;0;0;2;4;23;0;0;0;4;0;2;1;7;0;1;0;12;0;13;11;21;0;1;74;15;0;5;;
28/09/2020;73714;730;661;69;35121;38593;13598;60116;0;62560;4955;6080;119;0;100;37,7;135326;1061;861;14;336;525;19;100;70,3;277;584;0;617;52;389;42;228;10;1;91;61;29420;838;13794;15626;25059;1519;2767;75;36,6;0;99;224515;1967;206;82;82;70;43433;-122;20991;22442;37224;2852;3313;44;0;37,8;100;1,17;39,91;58,92;;28;58;;;59;95;35;70;1;2;11;6;0;10;0;9;0;12;0;10;0;3;0;8;0;0;0;3;0;1;0;1;0;1;0;0;0;0;0;0;0;1;5;24;0;0;0;2;0;2;1;4;0;1;0;11;0;13;12;21;0;2;76;14;0;5;;
29/09/2020;74604;890;672;218;35567;39037;13685;60919;0;63331;5003;6151;119;0;100;37,7;136309;983;880;19;341;539;19;100;70,3;283;597;0;606;47;376;37;230;10;1;91;61;30703;1283;14425;16278;26125;1587;2911;80;36,6;0;99;226281;1766;207;82;82;70;43021;-412;20801;22220;36923;2819;3240;39;0;37,9;100;1,18;41,15;57,67;;28;59;;;61;91;37;64;1;2;11;7;0;9;0;8;0;12;0;8;0;2;0;9;0;0;0;3;0;1;0;0;0;0;0;0;0;0;0;0;0;1;4;25;0;0;0;1;0;5;1;3;0;0;0;13;0;10;11;24;0;0;76;13;0;6;;
30/09/2020;75760;1156;902;254;36139;39621;13822;61938;0;64338;5065;6242;115;0;100;37,7;138114;1805;904;24;346;558;19;100;70,4;290;614;0;574;39;352;29;222;10;1;93;60;37841;7138;17959;19882;32229;2113;3410;89;37;0;99;229178;2897;208;82;82;70;37015;-6006;17834;19181;31819;2338;2832;26;0;37,6;100;1,19;49,95;48,86;;28;61;;;65;74;33;54;1;2;12;9;0;8;0;8;0;10;0;7;0;2;0;7;0;0;0;3;0;0;0;0;0;0;0;0;0;0;0;0;0;1;4;23;0;0;0;1;0;2;1;5;0;0;0;15;0;11;11;27;0;1;67;15;0;6;;
01/10/2020;76828;1068;794;274;36678;40150;13944;62884;0;65218;5133;6359;118;0;100;37,7;139852;1738;917;13;350;567;19;100;70,3;295;622;0;572;48;351;42;221;6;1;93;60;39843;2002;18869;20974;33979;2229;3541;94;37;0;99;231928;2750;209;82;82;70;36068;-947;17459;18609;30944;2282;2818;24;0;37,6;100;1,19;51,86;46,95;;30;58;;;65;69;33;52;1;2;11;10;0;11;0;7;0;10;0;10;0;3;0;7;0;0;0;2;0;1;0;0;0;0;0;0;0;0;0;0;0;0;4;27;0;0;0;2;0;1;1;5;0;0;0;15;0;10;12;29;0;0;64;14;0;6;;
02/10/2020;77829;1001;785;216;37170;40659;14047;63782;0;66056;5212;6444;117;0;100;37,7;141619;1767;930;13;354;576;18;100;70,2;304;626;0;582;79;358;63;224;16;1;93;60;42621;2778;20242;22379;36388;2382;3752;99;37;0;100;234624;2696;210;82;82;70;34278;-1790;16574;17704;29364;2204;2692;18;0;37,6;100;1,19;54,76;44,04;;27;60;;;68;62;37;50;1;3;13;9;0;12;0;8;0;10;0;14;0;3;0;11;0;1;0;1;0;1;0;0;0;0;0;0;0;0;0;1;0;0;4;27;0;0;0;2;0;3;2;5;0;0;0;21;0;9;12;26;0;0;60;12;0;6;;
03/10/2020;79182;1353;1158;195;37880;41302;14192;64990;0;67211;5314;6540;117;0;100;37,7;143614;1995;950;20;361;589;18;100;70,1;311;639;0;556;47;343;38;213;9;1;89;60;45007;2386;21392;23615;38477;2484;3946;100;37;0;100;238248;3624;211;82;82;70;33225;-1053;16127;17098;28423;2191;2594;17;0;37,7;99;1,20;56,84;41,96;;28;60;;;66;55;39;45;1;3;10;9;0;11;0;8;0;9;0;10;0;1;0;6;0;0;0;3;0;2;0;0;0;0;0;0;0;0;0;1;0;0;4;26;0;1;0;3;0;4;2;5;0;0;0;23;0;10;12;30;0;0;51;10;0;8;;
04/10/2020;80407;1225;1169;56;38503;41904;14321;66086;0;68270;5413;6607;117;0;100;37,7;145245;1631;971;21;369;602;18;100;70,1;318;653;0;561;49;346;37;215;12;1;89;60;47549;2542;22599;24950;40640;2659;4148;102;37,1;0;100;241416;3168;212;82;82;70;31887;-1338;15535;16352;27312;2101;2459;15;0;37,7;98;1,21;59,14;39,66;;31;64;;;66;53;42;42;1;3;12;9;0;11;0;9;0;9;0;13;0;1;0;6;0;1;0;1;0;2;0;0;0;0;0;0;0;0;0;1;0;0;4;24;0;1;0;3;0;5;2;4;0;0;0;28;0;9;12;29;0;0;45;10;0;8;;
05/10/2020;81129;722;668;54;38843;42286;14393;66736;0;68909;5461;6640;119;0;100;37,7;146232;987;987;16;374;613;18;100;70,2;324;663;0;570;37;358;29;212;8;1;89;60;49703;2154;23585;26118;42474;2798;4326;105;37,1;0;100;243276;1860;213;82;82;70;30439;-1448;14884;15555;26111;2000;2314;14;0;37,7;98;1,22;61,26;37,52;;29;66;;;67;60;42;46;1;3;12;10;0;8;0;10;0;9;0;12;0;1;0;5;0;0;0;3;0;3;0;0;0;0;0;0;0;0;1;1;0;0;4;25;0;0;0;3;0;5;2;3;0;0;0;27;0;9;10;31;0;0;44;10;0;8;;
06/10/2020;82142;1013;773;240;39333;42809;14390;67752;0;69791;5530;6734;87;0;100;37,7;147175;943;1004;17;381;623;18;100;70,1;331;673;0;574;53;360;36;214;17;1;89;60;50020;317;23749;26271;42767;2822;4358;73;37,1;0;100;245115;1839;214;82;82;71;31118;679;15203;15915;26693;2035;2376;14;0;37,7;98;1,22;60,89;37,88;;29;61;;;66;62;39;48;1;3;12;9;0;8;0;9;0;9;0;14;0;1;0;5;0;0;0;4;0;4;0;0;0;0;0;0;0;0;1;1;0;0;5;24;0;0;0;2;0;6;2;3;0;0;0;28;0;10;12;31;0;0;47;10;0;8;;
07/10/2020;83497;1355;1131;224;40005;43492;14624;68873;0;70945;5634;6832;86;0;100;37,7;148499;1324;1024;20;387;637;18;100;70;338;686;0;557;54;354;42;203;12;1;89;60;50295;275;23873;26422;43016;2838;4368;73;37,1;0;100;247803;2688;215;82;82;71;32178;1060;15745;16433;27591;2110;2464;13;0;37,7;98;1,23;60,24;38,54;;29;55;;;56;66;39;39;1;4;12;10;0;7;0;7;0;10;0;16;0;3;0;5;0;0;0;3;0;5;0;0;0;0;0;1;0;0;1;2;0;0;5;23;0;0;0;5;0;7;1;3;0;0;0;28;0;10;12;26;0;1;47;10;0;8;;
08/10/2020;84828;1331;992;339;40690;44138;14735;70093;0;72050;5741;6952;85;0;100;37,8;150471;1972;1040;16;392;648;18;100;70;345;695;0;568;66;371;55;197;11;1;89;60;51782;1487;24673;27109;44303;2913;4494;72;37,1;0;100;251285;3482;216;82;82;71;32006;-172;15625;16381;27402;2133;2458;13;0;37,8;98;1,23;61,04;37,73;;30;65;;;49;75;38;42;1;4;11;9;0;7;0;7;0;9;0;15;0;1;0;7;0;1;0;5;0;3;0;0;0;0;0;0;0;1;0;1;0;0;6;23;0;0;0;5;2;5;1;2;0;0;0;33;0;8;9;24;0;0;50;10;0;9;;
09/10/2020;86053;1225;903;322;41298;44755;14846;71207;0;73081;5830;7057;85;0;100;37,8;152317;1846;1055;15;396;659;18;100;69,9;353;702;0;566;56;369;50;197;6;1;89;60;52327;545;24947;27380;44774;2953;4528;72;37,1;0;100;254262;2977;217;82;82;71;32671;665;15955;16716;27954;2175;2529;13;0;37,7;98;1,23;60,81;37,97;;30;69;;;49;69;38;44;1;3;11;10;0;9;0;6;0;10;0;16;0;1;0;5;0;1;0;4;0;4;0;0;0;0;0;0;0;0;0;1;0;0;6;23;;;0;5;2;3;1;2;0;1;0;31;0;9;9;24;0;2;50;9;0;8;;
10/10/2020;87439;1386;1042;344;42025;45414;14982;72457;0;74247;5925;7180;87;0;100;37,7;154306;1989;1076;21;401;675;18;10;70;358;718;0;547;59;352;45;195;14;1;89;60;52669;342;25108;27561;45074;2972;4551;72;37,1;0;100;257549;3287;218;82;82;72;33694;1023;16516;17178;28815;2235;2629;15;0;37,7;99;1,23;60,24;38,53;;27;70;;;45;71;39;39;1;2;11;11;0;7;0;5;0;9;0;16;0;1;0;5;0;0;0;2;0;4;0;0;0;0;0;0;0;0;0;2;0;0;6;22;;;0;3;2;2;1;0;0;1;0;32;0;7;12;22;0;1;51;10;0;8;;
11/10/2020;88490;1051;937;114;42547;45943;15087;73403;0;75144;5994;7264;88;0;100;37,7;156070;1764;1090;14;405;685;18;100;70;360;730;0;565;57;376;49;189;8;1;89;60;53083;414;25324;27759;45436;2991;4583;73;37,1;0;100;260450;2901;219;82;82;72;34317;623;16818;17499;29348;2273;2681;15;0;37,7;100;1,23;59,99;38,78;;26;73;;;42;82;41;40;1;1;12;11;0;7;0;6;0;9;0;21;0;2;0;6;0;0;0;2;0;5;0;0;0;0;0;0;0;0;1;2;0;0;6;20;;;0;4;2;2;1;0;0;1;0;31;0;7;12;23;0;3;45;10;0;8;;
12/10/2020;89223;733;646;87;42892;46331;15154;74069;0;75766;6054;7317;86;0;100;37,7;157054;984;1108;18;411;697;18;100;69,9;368;740;0;572;47;387;35;185;12;1;86;59;53247;164;25400;27847;45578;3001;4597;71;37,1;0;100;262281;1831;220;82;82;72;34868;551;17081;17787;29820;2313;2720;15;0;37,7;100;1,24;59,68;39,08;;25;75;;;44;82;40;42;1;1;11;13;0;10;0;7;0;9;0;21;0;0;0;4;0;0;0;2;0;6;0;0;0;0;0;0;0;0;1;2;0;0;3;22;;;0;3;1;4;0;3;0;0;0;30;0;8;12;27;0;1;47;7;0;8;;
13/10/2020;90238;1015;701;314;43383;46855;15245;74993;0;76624;6114;7414;86;0;100;37,7;158271;1217;1124;16;419;705;18;100;69,8;375;749;0;582;65;381;45;201;20;1;87;59;53670;423;25605;28065;45948;3028;4623;71;371;0;100;264549;2268;221;82;82;73;35444;576;17359;18085;30301;2337;2791;15;0;37,7;100;1,25;59,48;39,28;;24;75;;;44;73;43;42;1;5;10;10;0;6;0;7;0;9;0;23;0;0;0;4;0;0;0;2;0;6;0;0;0;0;0;0;0;0;1;1;0;0;5;24;;;0;3;1;5;2;3;0;0;0;29;0;8;12;31;0;0;58;7;0;8;;
14/10/2020;91780;1542;1180;362;44137;47643;15407;76373;0;77942;6219;7533;86;0;100;37,7;160090;1819;1134;10;423;711;18;100;69,8;380;754;0;553;44;350;27;203;17;1;88;59;54155;485;25853;28302;46376;3053;4655;71;37,1;0;100;267827;3278;222;82;82;73;36491;1047;17861;18630;31186;2412;2878;15;0;37,7;100;1,24;59,01;39,76;;24;70;;;47;66;41;39;2;4;9;9;0;8;0;6;0;10;0;18;0;0;0;6;0;0;0;2;0;5;0;0;0;0;0;0;0;0;1;1;0;0;6;24;;;0;4;1;4;1;3;0;0;0;26;0;5;12;27;0;0;59;5;0;8;;
15/10/2020;93152;1372;1047;325;44811;48341;15554;77598;0;79114;6311;7642;85;0;100;37,7;162135;2045;1159;25;437;722;9;100;69,7;386;771;2;536;57;330;42;206;15;1;88;59;57731;3576;27654;30077;49459;3275;4926;71;37,2;0;100;271394;3567;223;82;82;74;34262;-2229;16720;17542;29269;2265;2714;14;0;37,6;99;1,24;61,98;36,78;;21;67;;;49;58;42;32;2;1;11;10;0;9;0;5;0;8;0;20;0;1;0;7;0;0;0;3;0;5;0;0;0;0;0;0;0;0;0;2;0;1;6;20;;;0;2;1;3;1;5;0;1;0;25;0;5;12;25;0;0;61;6;0;9;;
16/10/2020;94348;1196;860;336;45383;48965;15669;78679;0;80113;6402;7748;85;0;100;37,7;164007;1872;1168;9;441;727;9;100;69,7;390;776;2;526;42;309;29;217;13;1;91;59;58269;538;27921;30348;49927;3299;4972;71;37,2;0;100;274722;3328;224;82;82;75;34911;649;17021;17890;29796;2327;2774;14;0;37,6;99;1,24;61,76;37,00;;21;64;;;55;54;45;27;2;1;11;8;0;7;0;7;0;7;0;18;0;1;0;8;0;0;0;2;0;5;0;0;0;0;0;0;0;0;0;3;0;0;6;14;;;0;2;1;2;2;3;0;0;0;26;0;4;12;25;0;0;62;11;0;10;;
17/10/2020;95514;1166;867;299;45975;49539;15794;79720;0;81084;6493;7852;85;0;100;37,7;165806;1799;1183;15;447;736;9;100;69,7;394;787;2;520;44;303;28;217;16;1;91;59;58816;547;28194;30622;50395;3325;5025;71;37,2;0;100;277805;3083;225;82;82;75;35515;604;17334;18181;30295;2381;2825;14;0;37,7;99;1,24;61,58;37,18;;19;61;;;55;48;43;27;1;1;15;10;0;6;0;6;0;6;0;19;0;2;0;8;0;0;0;1;0;5;0;0;0;0;0;0;0;0;0;3;0;0;6;13;;;0;2;0;4;2;3;0;0;0;26;0;3;11;24;0;0;65;15;0;10;;
18/10/2020;96443;929;815;114;46407;50036;15882;80561;0;81855;6582;7921;85;0;100;37,8;167500;1694;1194;11;452;742;9;100;69,7;396;796;2;535;40;320;34;215;6;1;91;60;59049;233;28298;30751;50603;3338;5037;71;37,2;0;100;280768;2963;226;82;82;75;36200;685;17657;18543;30856;2448;2882;14;0;37,7;99;1,24;61,23;37,54;;17;67;;;53;49;46;25;1;2;13;11;0;8;0;6;0;6;0;21;0;2;0;9;0;0;0;1;0;4;0;0;0;1;0;0;0;0;0;2;0;0;6;14;;;0;3;1;3;3;3;0;0;0;28;0;4;12;27;0;1;63;13;0;10;;
19/10/2020;97075;632;532;100;46665;50410;16048;81027;0;82393;6627;7969;86;0;100;37,8;168295;795;1204;10;458;746;9;100;69,7;402;800;2;551;46;337;38;214;8;1;91;59;59580;531;28563;31017;51054;3375;5080;71;37,2;0;100;282256;1488;2267;82;82;76;36291;91;17644;18647;30937;2452;2887;15;0;37,7;99;1,24;61,38;37,38;;15;70;;;54;52;47;29;2;4;13;8;0;8;0;7;0;6;0;22;0;3;0;11;0;0;0;1;0;5;0;0;0;1;0;0;0;0;0;2;0;0;5;11;;;0;3;1;3;3;2;0;0;0;33;0;5;13;25;0;1;61;15;0;10;;
20/10/2020;97922;847;532;315;47071;50851;16127;81795;0;83076;6690;8070;86;0;100;37,8;169216;921;1222;18;465;757;9;100;69,7;409;811;2;542;46;327;39;215;7;1;91;60;60109;529;28816;31293;51539;3395;5104;71;37,2;0;100;283867;1611;228;82;82;76;36591;300;17790;18801;31128;2484;2964;15;0;37,7;99;1,25;61,38;37,37;;18;67;;;50;44;41;35;3;5;12;8;0;7;0;4;0;7;0;20;0;2;0;9;0;0;0;1;0;3;0;2;0;0;0;0;0;2;0;3;0;0;6;11;;;0;3;1;3;3;2;0;0;0;33;0;5;13;29;0;1;68;11;0;10;;
21/10/2020;99425;1503;1174;329;47811;51614;16285;83140;0;84349;6782;8206;88;0;100;37,8;171106;1890;1236;14;473;763;9;100;69,7;417;817;2;531;46;325;36;206;10;1;91;60;60738;629;29120;31618;52092;3420;5155;71;37,2;0;100;287168;3301;229;82;82;77;37451;860;18218;19233;31840;2545;3049;17;0;37,7;99;1,24;61,09;37,67;;17;64;;;45;43;40;40;3;4;12;4;0;5;0;4;0;8;0;25;0;2;0;13;0;0;0;1;0;4;0;0;0;0;0;0;0;0;0;2;0;0;5;13;;;0;3;1;4;3;2;0;0;0;27;0;6;13;26;0;1;67;14;0;10;;
22/10/2020;100616;1191;867;324;48437;52179;16394;84222;0;85338;6882;8308;88;0;100;37,8;172899;1793;1251;15;477;774;9;100;69,7;423;826;2;513;48;316;39;197;9;1;91;60;61162;424;29330;31832;52465;3445;5181;71;37,2;0;100;290035;2867;230;82;82;77;38203;752;18630;19573;32450;2611;3125;17;0;37,7;99;1,24;60,79;37,97;;17;63;;;44;42;39;38;2;6;11;4;0;4;0;3;0;10;0;24;0;2;0;13;0;0;0;1;0;4;0;0;0;2;0;0;0;0;0;3;0;1;6;10;;;0;2;1;5;2;3;0;0;0;25;0;6;13;22;0;0;62;13;0;10;;
23/10/2020;101826;1210;897;313;49019;52807;16515;85311;0;86332;6967;8437;90;0;100;37,8;174784;1885;1265;14;482;783;9;100;69,7;426;837;2;521;56;320;44;201;11;1;93;60;61662;500;29574;32088;52906;3478;5207;71;37,2;0;100;293151;3116;231;82;82;77;38899;696;18963;19936;33000;2652;3228;19;0;37,6;99;1,24;60,56;38,20;;20;62;;;43;46;41;38;2;5;8;4;0;3;0;4;0;14;0;26;0;2;0;12;0;0;0;1;0;3;0;0;0;1;0;0;0;0;0;4;0;1;6;14;;;0;3;0;4;2;3;0;0;0;24;0;7;13;21;0;0;66;8;0;10;;
24/10/2020;103088;1262;1016;246;49641;53447;16632;86456;0;87410;7054;8534;90;0;100;37,8;176692;1908;1282;17;486;796;9;100;69,7;430;850;2;504;41;303;31;201;10;1;93;60;62037;375;29770;32267;53222;3506;5238;71;37,2;0;100;296363;3212;232;82;82;77;39769;870;19385;20384;33758;2698;3294;19;0;37,6;99;1,24;60,18;38,58;;20;60;;;35;50;41;38;2;4;11;5;0;3;0;4;0;13;0;24;0;1;0;10;0;0;0;1;0;3;0;0;0;1;0;0;0;1;0;3;0;0;5;15;0;0;0;1;1;3;2;3;0;0;0;23;0;7;13;19;0;0;71;0;0;11;;
25/10/2020;103949;861;752;109;50062;53887;16719;87230;0;88145;7116;8598;90;0;100;37,8;178246;1554;1298;16;495;803;9;100;69,8;434;862;2;508;36;302;28;206;8;1;93;60;62222;185;29861;32361;53384;3513;5254;71;37,2;0;100;299083;2720;233;82;82;77;40429;660;19706;20723;34327;2741;3342;19;0;37,6;99;1,25;59,86;38,89;;20;60;;;39;49;45;40;2;4;9;3;0;3;0;3;0;12;0;20;0;1;0;12;0;0;0;1;0;3;0;0;0;1;0;0;0;0;0;4;0;0;4;17;0;0;0;1;1;3;2;2;0;0;0;26;0;6;13;19;0;1;71;0;0;11;;
26/10/2020;104460;511;420;91;50327;54133;16760;87700;0;88565;7164;8639;92;0;100;37,8;178988;742;1312;14;499;813;9;100;69,8;438;872;2;512;34;306;30;206;4;1;93;59;63709;1487;30643;33066;54667;3614;5355;73;37,2;0;100;300470;1387;234;82;82;76;39439;-990;19185;20254;33460;2678;3282;19;0;37,6;100;1,26;60,99;37,76;;20;60;;;38;50;43;41;2;5;9;4;0;2;0;3;0;12;0;22;0;2;0;14;0;0;0;1;0;3;0;0;0;1;0;0;0;0;0;4;0;0;5;16;0;0;0;1;2;2;2;2;0;1;0;24;0;6;12;18;0;1;73;0;0;11;;
27/10/2020;105322;862;614;248;50776;54546;16837;88485;0;89314;7223;8694;91;0;100;37,8;179870;882;1329;17;509;820;9;100;69,8;443;884;2;498;52;303;43;195;9;1;93;59;64406;697;30983;33423;55297;3639;5398;72;37,2;0;100;302168;1698;235;82;82;76;39587;148;19284;20303;33574;2700;3294;19;0;37,6;100;1,26;61,15;37,59;;22;59;;;36;47;37;43;2;6;4;1;0;6;0;3;0;12;0;26;0;1;0;13;0;0;0;1;0;2;0;0;0;0;0;0;0;0;0;3;0;0;4;18;0;0;0;2;1;2;1;2;0;1;0;22;0;4;12;17;0;1;76;0;0;11;;
28/10/2020;106553;1231;949;282;51382;55171;16963;89590;0;90346;7313;8801;93;0;100;37,8;181546;1676;1340;11;515;825;9;100;69,8;444;894;2;477;42;289;35;188;7;1;100;59;64996;590;31246;33750;55812;3666;5444;74;37,2;0;100;305146;2978;236;82;82;76;40217;630;19621;20596;34090;2753;3355;19;0;37,6;100;1,26;61,00;37,74;;23;50;;;33;50;39;40;2;6;4;4;0;8;0;3;0;13;0;18;0;1;0;11;0;0;0;1;0;2;0;0;0;0;0;0;0;0;0;1;0;0;4;19;0;0;0;2;1;3;1;2;0;1;0;23;0;3;13;16;0;1;68;0;0;11;;
29/10/2020;107570;1017;748;269;51906;55664;17082;90488;0;91186;7386;8899;99;0;100;37,8;183243;1697;1357;17;522;835;9;100;69,9;447;908;2;452;21;270;14;182;7;1;87;59;65666;670;31564;34102;56371;3710;5506;79;37,2;0;100;308063;2917;237;82;82;76;40547;330;19820;20727;34368;2768;3391;20;0;37,6;100;1,26;61,04;37,69;;22;50;;;32;42;40;36;2;3;6;5;0;8;0;3;0;15;0;21;0;0;0;10;0;0;0;1;0;1;0;0;0;0;0;0;0;0;0;1;0;0;4;17;0;0;0;2;2;2;1;2;0;1;0;20;0;3;11;15;0;1;62;0;0;11;;
30/10/2020;108866;1296;1021;275;52549;56317;17209;91657;0;92281;7473;9012;100;0;100;37,8;185280;2037;1371;14;523;848;9;100;70;449;920;2;452;46;266;29;186;17;1;87;60;66202;536;31822;34380;56837;3734;5551;80;37,2;0;100;311310;3247;238;82;82;76;41293;746;20204;21089;34995;2819;3459;20;0;37,6;100;1,26;60,81;37,93;;23;51;;;31;39;40;37;2;2;8;4;0;9;0;3;0;15;0;19;0;0;0;9;0;0;0;1;0;1;0;0;0;0;0;0;0;0;0;1;0;0;4;18;0;0;0;1;2;2;1;3;0;0;0;16;0;0;11;23;0;1;64;0;0;11;;
31/10/2020;109971;1105;844;261;53087;56884;17321;92650;0;93186;7558;9131;96;0;100;37,8;187026;1746;1385;14;525;860;9;100;70;452;931;2;455;47;269;36;186;11;1;87;60;66719;517;32051;34668;57265;3767;5609;78;37,2;0;100;314534;3224;239;82;82;77;41867;574;20511;21356;35469;2860;3520;18;0;37,6;100;1,26;60,67;38,07;;23;48;;;30;42;40;35;2;2;10;4;0;10;0;2;0;16;0;16;0;0;0;9;0;0;0;1;0;1;0;0;0;0;0;0;0;1;0;1;0;0;5;19;0;0;0;1;1;2;1;2;0;0;0;18;0;0;10;25;0;2;64;0;0;11;0;1
01/11/2020;110717;746;648;98;53444;57273;17403;93314;0;93803;7621;9192;101;0;100;37,8;188139;1113;1396;11;531;865;9;100;70,1;454;940;2;448;28;264;20;189;8;1;88;59;66937;218;32156;34781;57434;3783;5637;83;37,2;0;100;316368;1834;240;82;82;77;42384;517;20757;21627;35915;2898;3553;18;0;37,6;100;1,26;60,46;38,28;;24;49;;;30;41;39;32;1;3;7;5;0;10;0;4;0;16;0;17;0;1;0;8;0;1;0;1;0;1;0;0;0;0;0;0;0;0;0;0;0;0;5;20;0;0;0;1;1;2;1;2;0;0;0;16;0;0;13;21;0;1;63;0;0;11;0;1
02/11/2020;111257;540;457;83;53716;57541;17459;93798;0;94256;7666;9234;101;0;100;37,8;189058;919;1404;8;535;869;9;100;70,1;455;947;2;467;39;276;28;191;11;1;93;59;68129;1192;32780;35349;58424;3873;5749;83;37,2;0;100;318064;1696;241;82;82;77;41724;-660;20401;21323;35377;2846;3483;18;0;37,6;100;1,26;61,24;37,50;;25;51;;;33;39;40;33;1;2;9;5;0;13;0;4;0;15;0;18;0;2;0;12;0;0;0;1;0;0;0;0;0;0;0;0;0;0;0;1;0;0;5;19;0;0;0;0;1;2;1;4;0;0;0;18;0;0;13;24;0;1;63;0;0;11;0;1
03/11/2020;112120;863;617;246;54129;57991;17553;94567;0;94991;7725;9303;101;0;100;37,8;190263;1205;1419;15;540;879;9;100;70,1;461;956;2;462;36;277;29;185;7;1;93;59;68604;475;32985;35619;58838;3893;5790;83;37,2;0;100;320253;2189;242;82;82;77;42097;373;20604;21493;35692;2876;3511;18;0;37,6;100;1,27;61,19;37,55;;26;50;;;32;38;36;39;1;2;9;5;0;10;0;4;0;15;0;13;0;1;0;14;0;0;0;2;0;0;0;0;0;0;0;0;0;1;0;2;0;0;5;17;0;0;0;0;2;2;1;3;0;0;0;19;0;0;12;27;0;1;61;0;0;11;0;1
04/11/2020;113261;1141;876;265;54691;58570;17680;95581;0;95986;7791;9383;101;0;101;37,8;191876;1613;1431;12;545;886;9;100;70,1;463;966;2;451;53;272;36;179;17;1;93;59;69143;539;33234;35909;59282;3927;5851;83;37,2;0;100;323187;2934;243;82;82;77;42687;590;20912;21775;36241;2898;3530;18;0;37,6;101;1,26;61,05;37,69;;21;54;;;30;39;33;40;1;2;10;6;0;9;0;3;0;13;0;11;0;1;0;11;0;0;0;2;0;0;0;0;0;1;0;0;0;1;0;2;0;0;4;16;0;0;0;0;2;2;1;0;0;1;0;19;0;0;13;27;0;0;64;0;0;11;0;1
05/11/2020;114367;1106;883;223;55224;59143;17792;96575;0;96919;7865;9480;103;0;101;37,8;193841;1965;1444;13;550;894;9;100;70.1;466;976;2;449;58;272;41;177;17;1;93;60;70002;859;33685;36317;60004;3966;5949;83;37,2;0;100;326539;3352;244;82;82;77;42921;234;20989;21932;36449;2923;3529;20;0;37,6;101;1,26;61,21;37,53;;19;55;;;32;36;30;38;1;2;11;6;0;7;0;3;0;8;0;10;0;2;0;12;0;0;0;2;0;1;0;0;0;0;0;0;0;2;0;2;0;0;4;16;0;0;0;0;2;2;1;0;0;1;0;22;0;1;11;31;0;0;66;0;0;12;0;1
06/11/2020;115417;1050;818;232;55762;59655;17892;97525;0;97779;7947;9594;97;0;101;37,8;195496;1655;1453;9;553;900;9;100;70,1;468;983;2;455;46;285;34;170;12;1;93;60;70421;419;33911;36510;60376;3986;5981;78;37,2;0;100;329416;2877;245;82;82;77;43543;622;21298;22245;36935;2978;3611;19;0;37,6;101;1,26;61,01;37,73;;19;57;;;32;38;26;38;1;2;11;10;0;11;0;2;0;7;0;12;0;1;0;13;0;0;0;2;0;0;0;1;0;0;0;1;0;2;1;2;0;0;3;16;0;0;0;0;2;2;1;1;0;0;0;23;0;0;12;32;0;0;62;0;0;12;0;0
07/11/2020;116363;946;726;220;56257;60106;17986;98377;0;98577;8017;9672;97;0;101;37,8;197171;1675;1464;11;557;907;9;100;70,1;471;991;2;464;9;285;31;179;13;1;93;59;71119;698;34223;36896;60982;4020;6039;78;37,2;0;100;332387;2971;246;82;82;77;43780;237;21477;22303;37124;3006;3631;19;0;37,6;101;1,26;61,12;37,62;;20;54;;;32;41;32;38;1;2;12;10;0;8;0;3;0;6;0;12;0;1;0;14;0;0;0;2;0;0;0;1;0;0;0;0;0;3;1;3;0;0;3;17;0;0;0;0;2;4;1;1;0;0;0;26;0;0;12;25;0;1;63;0;0;12;0;1
08/11/2020;117099;736;659;77;56626;60473;18068;99031;0;99219;8067;9715;98;0;101;37,8;198731;1560;1476;12;562;914;9;100;70,1;477;997;2;464;35;276;23;188;12;1;93;59;71201;82;34260;36941;61047;4023;6053;78;37,2;0;100;335272;2885;247;82;82;77;44422;642;21804;22618;37695;3047;3660;20;0;37,6;99;1,26;60,80;37,94;;20;55;;;32;36;38;36;1;3;12;8;0;7;0;2;0;6;0;14;0;3;0;13;0;0;0;2;0;0;0;1;0;0;0;0;0;3;1;3;0;0;3;15;0;0;0;0;2;4;1;1;0;1;0;24;0;0;12;26;0;1;66;0;0;12;0;0
09/11/2020;117587;488;411;77;56873;60714;18118;99469;0;99645;8106;9738;98;0;101;37,8;199187;456;1491;15;566;925;9;100;70,2;481;1008;2;484;44;289;38;195;6;1;93;59;72249;1048;34797;37452;61897;4112;6162;78;37,2;0;100;336529;1257;248;82;82;78;43847;-575;21510;22337;37267;2986;3574;20;0;37,6;99;1,27;61,44;37,29;;24;51;;;32;37;40;38;1;3;11;11;0;7;0;4;0;6;0;16;0;1;0;13;0;1;0;3;0;0;0;1;0;0;0;0;0;3;1;3;0;0;3;17;0;0;0;0;2;4;1;1;0;0;0;27;0;0;12;28;0;1;68;0;0;12;0;1
10/11/2020;118566;979;684;295;57390;61176;18214;100352;0;100467;8172;9829;98;0;101;37,8;200510;1323;1502;11;568;934;9;101;70,2;486;1014;2;492;55;294;39;198;16;1;93;59;72941;692;35129;37812;62503;4139;6221;78;37,2;0;100;338627;2098;249;82;82;78;44123;276;21693;22430;37478;3019;3606;20;0;37,6;99;1,27;61,52;37,21;;23;51;;;40;30;38;41;0;5;11;10;0;10;0;6;0;4;0;15;0;2;0;14;0;0;0;2;0;0;0;1;0;0;0;0;0;4;0;4;0;0;3;17;0;0;0;0;2;4;1;1;0;0;0;28;0;0;11;31;0;1;69;0;0;12;0;1
11/11/2020;119768;1202;948;254;57979;61789;18291;101477;0;101506;8253;9912;97;0;101;37,8;202168;1658;1513;11;573;940;9;101;70,1;490;1021;2;492;55;295;44;197;11;17;93;59;73509;568;35398;38111;62978;4168;6285;78;37,1;0;100;341594;2967;250;82;82;78;44746;623;22008;22738;38038;3064;3625;19;0;37,6;99;1,26;61,38;37,36;;22;41;;;41;34;36;50;0;4;11;8;0;11;0;9;0;2;0;15;0;1;0;15;0;0;0;2;0;0;0;0;0;1;0;1;0;5;0;3;0;0;3;16;0;0;0;0;1;5;1;1;0;0;0;27;0;0;11;30;0;1;71;0;0;12;0;1
12/11/2020;120939;1171;907;264;58549;62390;18385;102554;0;102495;8329;10018;97;0;101;37,8;204123;1955;1527;14;577;950;0;101;70,2;494;1031;2;489;46;298;33;191;13;25;90;59;74255;746;35780;38475;63613;4211;6353;78;37,1;0;100;344868;3274;251;82;82;78;45157;411;22192;22965;38388;3087;3663;19;0;37,7;99;1,26;61,40;37,34;;21;48;;;46;39;40;44;0;4;11;6;0;11;1;9;0;3;0;14;0;1;0;13;0;0;0;3;0;1;0;0;0;1;0;1;0;3;0;3;0;0;3;17;0;0;0;0;1;2;0;2;0;1;0;22;0;0;4;35;0;1;64;0;0;12;0;2
13/11/2020;122123;1184;934;250;59143;62980;18474;103649;0;103482;8413;10130;98;0;101;37,8;205886;1763;1537;10;579;958;9;101;70,2;495;1040;2;477;33;285;23;192;10;1;90;59;74868;613;36077;38791;64137;4257;6396;78;37,1;0;100;347822;2954;252;82;82;78;45718;561;22487;23231;38850;3116;3732;20;0;37,7;100;1,26;61,31;37,44;;21;47;;;45;41;40;37;1;4;10;5;0;11;0;9;0;3;0;13;0;1;0;14;0;0;0;3;0;2;0;1;0;0;0;1;0;3;0;3;0;1;3;14;0;0;0;0;1;2;0;2;0;0;0;21;0;0;2;33;0;1;69;0;0;12;0;1
14/11/2020;123223;1100;825;275;59691;63532;18565;104658;0;104390;8497;10238;98;0;101;37,8;207554;1668;1546;9;585;961;9;101;70,2;498;1046;2;468;40;265;26;203;14;1;99;59;75341;473;36334;39007;64547;4281;6435;78;37,1;0;100;350813;2991;253;82;82;78;46336;618;22772;23564;39345;3170;3801;20;0;37,7;100;1,25;61,14;37,60;;21;43;;;47;42;45;34;2;3;12;5;0;12;0;8;0;3;0;8;0;1;0;13;0;0;0;2;0;1;0;1;0;0;0;1;0;2;0;4;0;0;3;12;0;0;0;0;1;2;0;1;0;1;0;17;0;1;2;33;0;2;70;0;0;12;0;1
15/11/2020;123949;726;642;84;60029;63920;18620;105329;0;105030;8550;10271;98;0;101;37,8;208984;1430;1555;9;587;968;9;101;70,3;502;1051;2;485;41;283;34;202;7;27;99;59;75691;350;36500;39191;64865;4294;6453;79;37,2;0;100;353809;2996;255;82;82;78;46703;367;22942;23761;39663;3205;3816;19;0;37,8;100;1,25;61,07;37,68;;24;43;;;50;45;44;39;0;4;12;8;0;12;0;8;0;3;0;12;0;2;0;9;0;0;0;2;0;1;0;2;0;0;0;2;0;2;0;3;0;0;3;13;0;0;0;0;1;3;0;1;0;0;0;18;0;1;2;33;0;4;66;0;0;12;0;1
16/11/2020;124592;643;583;60;60325;64267;18681;105911;0;105596;8598;10299;99;0;101;37,8;209700;716;1566;11;593;973;9;101;70,3;505;1059;2;515;47;310;38;205;9;27;99;59;77164;1473;37290;39874;66090;4415;6580;79;37,2;0;100;355362;1553;254;82;82;78;45862;-841;22442;23420;39001;3124;3717;20;0;37,7;100;1,26;61,93;36,81;;27;48;;;50;49;42;43;0;6;10;13;0;12;0;7;0;4;0;12;0;1;0;13;0;0;0;2;0;1;0;2;0;1;0;1;0;3;0;4;0;0;3;13;0;0;0;0;0;4;1;0;0;0;0;17;0;1;2;34;0;5;70;0;0;12;0;2
17/11/2020;125590;998;655;343;60815;64775;18744;106846;0;106384;8684;10423;99;0;101;37,8;210686;986;1578;12;597;981;9;101;70,3;507;1069;2;514;53;293;35;221;18;1;99;58;77558;394;37465;40093;66422;4435;6622;79;37,2;0;100;357158;1796;256;82;82;78;46454;592;22753;23701;39455;3180;3799;20;0;37,7;100;1,26;61,75;36,99;;28;46;;;52;44;50;38;1;6;10;16;0;9;0;6;0;3;0;13;0;1;0;9;0;0;0;3;0;1;0;2;0;1;0;1;0;0;0;5;0;0;3;14;0;0;0;0;1;3;0;1;0;1;0;15;0;0;2;35;0;5;74;0;0;12;0;3
18/11/2020;127012;1422;1087;335;61512;65500;18844;108168;0;107571;8784;10558;99;0;101;37,8;212683;1997;1588;10;602;986;9;101;70,3;508;1078;2;496;49;280;40;216;9;1;99;59;78238;680;37791;40447;67001;4471;6687;79;37,2;0;100;360478;3320;257;82;82;78;47186;732;23119;24067;40062;3235;3869;20;0;37,7;100;1,25;61,60;37,15;;29;44;;;52;46;49;33;1;4;11;16;0;10;0;6;0;3;0;12;0;2;0;7;0;1;0;2;0;1;0;1;0;1;0;1;0;1;2;4;0;0;4;11;0;0;0;0;2;4;0;1;0;1;0;19;0;0;2;32;0;3;64;0;0;12;0;2
19/11/2020;128231;1219;937;282;62130;66101;18929;109302;0;108597;8878;10657;99;0;101;37,8;214580;1897;1599;11;607;992;9;101;70,3;510;1087;2;476;34;262;24;214;10;1;90;59;78851;613;38082;40769;67537;4499;6736;79;37,2;0;100;363834;3356;258;82;82;78;47781;595;23441;24340;40550;3292;3919;20;0;37,7;100;1,25;61,49;37,26;;28;39;;;51;47;46;31;1;4;12;15;0;9;0;6;0;3;0;13;0;1;0;4;0;0;0;2;0;1;0;1;0;0;0;1;0;1;1;4;0;0;4;10;0;0;0;0;2;4;0;1;0;0;0;20;0;0;2;29;0;2;67;0;0;12;0;2
20/11/2020;129418;1187;918;269;62733;66685;19013;110405;0;109598;8958;10763;99;0;101;37,8;216235;1655;1608;9;613;995;9;101;70,3;516;1090;2;470;47;253;35;217;12;1;90;59;79372;521;38327;41045;68001;4526;6766;79;37,2;0;100;366844;3010;259;82;82;78;48438;657;23793;24645;41081;3342;3995;20;0;37,7;100;1,24;61,33;37,43;;27;34;;;56;41;45;33;2;4;9;14;0;6;0;6;0;5;0;13;0;1;0;7;0;0;0;1;0;1;0;1;0;0;0;1;0;2;1;6;0;0;4;9;0;0;0;0;1;4;0;2;0;0;0;19;0;0;2;28;0;1;70;0;0;12;0;2
21/11/2020;130722;1304;1007;297;63387;67335;19109;111613;0;110699;9046;10878;99;0;101;37,8;218467;2232;1624;16;620;1004;9;101;70,3;523;1099;2;485;58;264;43;221;15;1;90;60;80272;900;38757;41515;68781;4564;6848;79;37,2;0;100;370739;3895;260;82;82;78;48826;388;24010;24816;41395;3383;4028;20;0;37,7;100;1,24;61,41;37,35;;28;33;;;58;41;47;28;2;4;10;12;0;7;0;6;0;8;0;18;0;1;0;9;0;0;0;4;0;4;0;1;0;0;0;1;0;3;2;6;0;0;3;8;0;0;0;0;1;3;0;2;0;0;0;23;0;0;2;27;0;2;68;0;0;12;0;1
22/11/2020;131677;955;847;108;63879;67798;19169;112508;0;111494;9129;10955;99;0;101;37,8;220256;1789;1634;10;626;1008;9;101;70,3;526;1106;2;493;43;264;32;229;11;1;90;59;80349;77;38796;41553;68850;4570;6850;79;37,2;0;100;373960;3221;261;82;82;78;49694;868;24457;25237;42118;3453;4103;20;0;37,7;100;1,24;61,02;37,74;;27;37;;;62;37;51;28;2;4;10;15;0;4;0;7;0;8;0;16;0;2;0;8;0;0;0;1;0;4;0;1;0;0;0;2;0;3;3;7;0;0;3;8;0;0;0;0;1;3;0;2;0;0;0;24;0;0;2;29;0;2;68;0;0;12;0;0
23/11/2020;132295;618;539;79;64194;68101;19217;113078;0;112020;9174;11002;99;0;101;37,8;221093;837;1641;7;628;1013;9;101;70,3;528;1111;2;507;35;280;33;227;3;0;90;59;81336;987;39298;42038;69698;4640;6919;79;37,2;0;100;375720;1760;262;82;82;78;49318;-376;24268;25050;41794;3423;4081;20;0;37,7;100;1,24;61,48;37,28;;27;45;;;60;41;49;30;2;6;10;15;0;4;0;7;0;8;0;13;0;3;0;5;0;0;0;1;0;3;0;0;0;0;0;4;0;2;3;7;0;0;3;10;0;0;0;0;1;3;0;2;0;0;0;25;0;0;2;32;0;2;70;0;0;12;0;0
24/11/2020;133190;895;632;263;64650;68540;19295;113895;0;112763;9240;11088;99;0;101;37,8;222371;1278;1662;21;632;1030;9;101;70,3;536;1124;2;501;51;293;39;208;-19;12;89;58;81973;637;39597;42376;70230;4694;6970;79;37,2;0;100;378107;2387;263;82;82;78;49555;237;24421;25134;41997;3422;4116;20;0;37,7;100;1,25;61,55;37,21;;26;46;;;51;48;48;34;1;6;8;14;0;6;0;5;0;8;0;12;0;1;0;7;0;0;0;1;0;5;0;0;0;0;0;1;0;3;1;10;0;0;2;8;0;0;0;0;2;3;0;2;0;0;0;23;0;0;2;35;0;3;67;0;0;12;0;0
25/11/2020;134520;1330;1020;310;65308;69212;19425;115095;0;113900;9333;11187;100;0;101;37,8;224146;1775;1674;12;634;1040;9;101;70,4;539;1133;2;496;49;289;33;207;16;0;97;58;82611;638;39910;42701;70771;4725;7035;80;37,2;0;100;381490;3383;264;82;82;78;50235;680;24764;25471;42590;3475;4150;20;0;37,7;100;1,24;61,41;37,34;;24;42;;;51;51;48;38;1;5;11;17;0;7;0;7;0;7;0;11;0;1;0;9;0;0;0;1;0;4;0;0;0;0;0;2;0;2;2;7;0;0;2;7;0;0;0;0;2;3;0;2;0;0;0;20;0;0;2;32;0;2;64;0;0;12;0;0
26/11/2020;135742;1222;955;267;65918;69824;19526;116216;0;114913;9436;11293;100;0;101;37,8;226213;2067;1679;5;637;1042;9;101;70,3;540;1137;2;506;50;295;43;211;7;1;97;59;83273;662;40221;43052;71370;4751;7072;80;37,2;0;100;385004;3514;265;82;82;78;50790;555;25060;25730;43003;3548;4219;20;0;37,7;100;1,24;61,35;37,42;;24;39;;;56;52;48;36;1;5;10;17;0;9;0;8;0;8;0;15;0;1;0;11;0;0;0;1;0;2;0;2;0;0;0;2;0;3;2;7;0;0;2;8;0;0;0;0;1;4;0;2;0;0;0;19;0;0;2;30;0;2;65;0;0;12;0;0
27/11/2020;137093;1351;1070;281;66588;70505;19611;117482;0;115995;9571;11427;100;0;101;37,8;228084;1871;1690;11;641;1049;9;101;70,4;544;1144;2;513;54;293;37;220;17;29;89;59;84991;1718;41041;43950;72860;4843;7208;80;37,2;0;100;388489;3485;266;82;82;78;50412;-378;24906;25506;42591;3584;4217;20;0;37,7;100;1,23;62,00;36,77;;21;37;;;59;49;48;35;0;5;11;15;0;10;0;11;0;7;0;17;0;2;0;11;0;0;0;1;0;2;0;2;0;0;0;3;0;1;6;8;0;0;3;7;0;1;0;0;1;4;0;2;0;0;0;20;0;0;1;27;0;3;70;0;0;13;0;0
28/11/2020;138248;1155;919;236;67203;71045;19705;118543;0;116971;9665;11512;100;0;101;37,8;230293;2209;1700;10;643;1057;9;101;70,3;548;1150;2;514;56;302;48;212;8;0;87;59;85489;498;41276;44213;73296;4869;7244;80;37,2;0;100;392317;3828;267;82;82;78;51059;647;25284;25775;43127;3646;4266;20;0;37,7;100;1,23;61,84;36,93;;20;40;;;54;57;49;30;1;4;10;14;0;9;0;8;0;10;0;13;0;1;0;12;0;0;0;1;0;2;0;2;0;0;0;1;0;2;7;15;0;1;2;6;0;1;0;0;1;3;0;2;0;0;0;21;0;1;1;31;0;3;67;0;0;12;0;0
29/11/2020;139099;851;764;87;67676;71423;19762;119337;0;117701;9737;11561;100;0;101;37,8;232052;1759;1715;15;648;1067;9;101;70,3;555;1158;2;515;42;313;34;202;8;0;86;59;85639;150;41346;44293;73420;4883;7256;80;37,2;0;100;395437;3120;268;82;82;78;51745;686;25682;26063;43726;3696;4303;20;0;37,7;100;1,23;61,57;37,20;;21;42;;;52;62;49;26;2;4;8;16;0;11;0;4;0;10;0;12;0;0;0;12;0;0;0;1;0;2;0;3;0;0;0;2;0;1;6;19;0;1;2;6;0;1;0;0;1;3;0;3;0;0;0;21;0;1;0;35;0;3;61;0;0;12;0;0
30/11/2020;139638;539;475;64;67937;71701;19806;119832;0;118145;9797;11596;100;0;101;37,8;232964;912;1726;11;651;1075;9;101;70,4;558;1166;2;534;49;323;30;211;9;0;86;59;87526;1887;42266;45260;75047;5007;7392;80;37,2;0;100;397311;1874;269;82;82;78;50386;-1359;25020;25366;42540;3624;4202;20;0;37,7;100;1,24;62,68;36,08;;23;44;;;51;58;51;27;2;4;10;15;0;11;0;7;0;11;0;15;0;0;0;11;0;0;0;1;0;2;0;2;0;0;0;2;0;1;6;26;0;1;2;9;0;0;0;0;1;4;0;3;0;0;0;20;0;1;0;34;0;2;65;0;0;12;0;0
01/12/2020;140172;534;471;63;68208;71964;19851;120321;0;118582;9860;11630;100;0;101;37,8;233713;749;1731;5;653;1078;9;101;70,3;560;1169;2;571;58;347;50;224;8;0;88;59;87721;195;42358;45363;75217;5021;7403;80;37,2;0;100;398784;1473;270;82;82;78;50720;334;25197;25523;42805;3670;4225;20;0;37,8;100;1,23;62,58;36,18;;23;48;;;53;59;51;28;2;5;11;21;0;12;0;8;0;11;0;12;0;1;0;12;0;0;0;1;0;2;0;2;0;0;0;2;0;1;8;28;0;1;2;9;0;1;0;0;1;6;2;3;0;0;0;24;0;1;0;35;1;2;70;0;0;12;0;0
02/12/2020;141340;1168;864;304;68814;72526;19913;121427;0;119572;9946;11722;100;0;101;37,8;234879;1166;1739;8;655;1084;9;101;70,3;562;1175;2;572;48;356;42;216;6;0;88;60;88226;505;42623;45603;75623;5056;7467;80;37,2;0;100;401201;2417;271;82;82;78;51375;655;25536;25839;43387;3715;4253;20;0;37,8;100;1,23;62,42;36,35;;26;46;;;50;60;51;29;2;6;8;21;0;17;0;8;0;11;0;14;0;1;0;14;0;0;0;1;0;1;0;1;0;0;0;3;0;4;6;34;0;0;2;8;0;1;0;0;1;6;2;2;0;0;0;20;0;1;0;33;1;2;67;0;0;12;0;0
03/12/2020;142505;1165;878;287;69415;73090;20006;122499;0;120548;10051;11806;100;0;101;37,8;236598;1719;1757;18;664;1093;9;101;70,4;568;1187;2;563;57;351;47;212;10;0;90;60;91424;3198;44172;47252;78352;5243;7747;82;37,3;0;100;404440;3239;272;82;82;78;49324;-2051;24579;24745;41628;3621;4057;18;0;37,9;100;1,23;64,15;34,61;;25;48;;;51;56;47;32;2;8;7;19;0;15;0;8;0;13;0;16;0;1;0;14;0;0;0;1;0;1;0;0;0;0;0;3;0;3;6;26;0;1;3;11;0;1;0;0;1;4;1;1;0;1;0;22;0;1;0;33;1;0;68;0;0;12;0;0
04/12/2020;143685;1180;913;267;70002;73683;20086;123599;0;121546;10134;11905;100;0;101;37,8;238291;1693;1773;16;666;1107;9;101;70,3;572;1199;2;577;61;364;46;213;15;0;91;60;95789;4365;46366;49423;82079;5510;8112;88;37,2;0;100;407741;3301;273;82;82;78;46123;-3201;22970;23153;38895;3425;3791;12;0;37,9;100;1,23;66,67;32,10